method,fold,group_level,group_value,baseline_macro_f1,metric_macro_f1,macro_f1_drop,baseline_balanced_accuracy,metric_balanced_accuracy,balanced_accuracy_drop,repeat,positive_macro_f1_drop,normalized_positive_drop
permutation,0,sensor_family,accelerometer,1.0,0.9565826330532213,0.04341736694677867,1.0,0.9583333333333334,0.04166666666666663,0,0.04341736694677867,0.03427167244212372
permutation,0,sensor_family,accelerometer,1.0,0.9565826330532213,0.04341736694677867,1.0,0.9583333333333334,0.04166666666666663,1,0.04341736694677867,0.03427167244212372
permutation,0,sensor_family,accelerometer,1.0,0.9790849673202615,0.020915032679738488,1.0,0.9791666666666666,0.02083333333333337,2,0.020915032679738488,0.016509364789324073
permutation,0,sensor_family,accelerometer,1.0,0.9565826330532213,0.04341736694677867,1.0,0.9583333333333334,0.04166666666666663,3,0.04341736694677867,0.03427167244212372
permutation,0,sensor_family,accelerometer,1.0,0.9565826330532213,0.04341736694677867,1.0,0.9583333333333334,0.04166666666666663,4,0.04341736694677867,0.03427167244212372
permutation,0,sensor_family,game_rot_vec,1.0,0.9367569249922191,0.06324307500778092,1.0,0.9375,0.0625,0,0.06324307500778092,0.049921174482003956
permutation,0,sensor_family,game_rot_vec,1.0,0.9565826330532213,0.04341736694677867,1.0,0.9583333333333334,0.04166666666666663,1,0.04341736694677867,0.03427167244212372
permutation,0,sensor_family,game_rot_vec,1.0,0.9565826330532213,0.04341736694677867,1.0,0.9583333333333334,0.04166666666666663,2,0.04341736694677867,0.03427167244212372
permutation,0,sensor_family,game_rot_vec,1.0,0.9565826330532213,0.04341736694677867,1.0,0.9583333333333334,0.04166666666666663,3,0.04341736694677867,0.03427167244212372
permutation,0,sensor_family,game_rot_vec,1.0,0.9565826330532213,0.04341736694677867,1.0,0.9583333333333334,0.04166666666666663,4,0.04341736694677867,0.03427167244212372
permutation,0,sensor_family,gravity,1.0,0.9111111111111111,0.0888888888888889,1.0,0.9166666666666666,0.08333333333333337,0,0.0888888888888889,0.07016480035462758
permutation,0,sensor_family,gravity,1.0,0.9565826330532213,0.04341736694677867,1.0,0.9583333333333334,0.04166666666666663,1,0.04341736694677867,0.03427167244212372
permutation,0,sensor_family,gravity,1.0,0.9387635756056808,0.0612364243943192,1.0,0.9375,0.0625,2,0.0612364243943192,0.04833721678565983
permutation,0,sensor_family,gravity,1.0,0.9063180827886711,0.0936819172113289,1.0,0.9166666666666666,0.08333333333333337,3,0.0936819172113289,0.07394819645218095
permutation,0,sensor_family,gravity,1.0,0.9183201058201059,0.08167989417989407,1.0,0.9166666666666666,0.08333333333333337,4,0.08167989417989407,0.06447435151634295
permutation,0,sensor_family,gyros,1.0,0.9332160214513155,0.06678397854868445,1.0,0.9375,0.0625,0,0.06678397854868445,0.052716200869756966
permutation,0,sensor_family,gyros,1.0,0.9790849673202615,0.020915032679738488,1.0,0.9791666666666666,0.02083333333333337,1,0.020915032679738488,0.016509364789324073
permutation,0,sensor_family,gyros,1.0,0.9583333333333334,0.04166666666666663,1.0,0.9583333333333334,0.04166666666666663,2,0.04166666666666663,0.03288975016623164
permutation,0,sensor_family,gyros,1.0,0.9583333333333334,0.04166666666666663,1.0,0.9583333333333334,0.04166666666666663,3,0.04166666666666663,0.03288975016623164
permutation,0,sensor_family,gyros,1.0,0.9137254901960784,0.0862745098039216,1.0,0.9166666666666666,0.08333333333333337,4,0.0862745098039216,0.06810112975596207
permutation,0,sensor_family,lin_accel,1.0,0.9790849673202615,0.020915032679738488,1.0,0.9791666666666666,0.02083333333333337,0,0.020915032679738488,0.016509364789324073
permutation,0,sensor_family,lin_accel,1.0,1.0,0.0,1.0,1.0,0.0,1,0.0,0.0
permutation,0,sensor_family,lin_accel,1.0,0.9790849673202615,0.020915032679738488,1.0,0.9791666666666666,0.02083333333333337,2,0.020915032679738488,0.016509364789324073
permutation,0,sensor_family,lin_accel,1.0,1.0,0.0,1.0,1.0,0.0,3,0.0,0.0
permutation,0,sensor_family,lin_accel,1.0,0.9790849673202615,0.020915032679738488,1.0,0.9791666666666666,0.02083333333333337,4,0.020915032679738488,0.016509364789324073
permutation,0,sensor_family,magn_field,1.0,0.9581699346405229,0.04183006535947709,1.0,0.9583333333333334,0.04166666666666663,0,0.04183006535947709,0.03301872957864824
permutation,0,sensor_family,magn_field,1.0,0.9790849673202615,0.020915032679738488,1.0,0.9791666666666666,0.02083333333333337,1,0.020915032679738488,0.016509364789324073
permutation,0,sensor_family,magn_field,1.0,0.9581699346405229,0.04183006535947709,1.0,0.9583333333333334,0.04166666666666663,2,0.04183006535947709,0.03301872957864824
permutation,0,sensor_family,magn_field,1.0,0.9790849673202615,0.020915032679738488,1.0,0.9791666666666666,0.02083333333333337,3,0.020915032679738488,0.016509364789324073
permutation,0,sensor_family,magn_field,1.0,0.9790849673202615,0.020915032679738488,1.0,0.9791666666666666,0.02083333333333337,4,0.020915032679738488,0.016509364789324073
permutation,0,channel,accelerometer_x,1.0,1.0,0.0,1.0,1.0,0.0,0,0.0,0.0
permutation,0,channel,accelerometer_x,1.0,0.9790849673202615,0.020915032679738488,1.0,0.9791666666666666,0.02083333333333337,1,0.020915032679738488,0.01647907010961523
permutation,0,channel,accelerometer_x,1.0,0.9790849673202615,0.020915032679738488,1.0,0.9791666666666666,0.02083333333333337,2,0.020915032679738488,0.01647907010961523
permutation,0,channel,accelerometer_x,1.0,0.9790849673202615,0.020915032679738488,1.0,0.9791666666666666,0.02083333333333337,3,0.020915032679738488,0.01647907010961523
permutation,0,channel,accelerometer_x,1.0,0.9790849673202615,0.020915032679738488,1.0,0.9791666666666666,0.02083333333333337,4,0.020915032679738488,0.01647907010961523
permutation,0,channel,accelerometer_y,1.0,0.9790849673202615,0.020915032679738488,1.0,0.9791666666666666,0.02083333333333337,0,0.020915032679738488,0.01647907010961523
permutation,0,channel,accelerometer_y,1.0,1.0,0.0,1.0,1.0,0.0,1,0.0,0.0
permutation,0,channel,accelerometer_y,1.0,1.0,0.0,1.0,1.0,0.0,2,0.0,0.0
permutation,0,channel,accelerometer_y,1.0,0.9790849673202615,0.020915032679738488,1.0,0.9791666666666666,0.02083333333333337,3,0.020915032679738488,0.01647907010961523
permutation,0,channel,accelerometer_y,1.0,1.0,0.0,1.0,1.0,0.0,4,0.0,0.0
permutation,0,channel,accelerometer_z,1.0,1.0,0.0,1.0,1.0,0.0,0,0.0,0.0
permutation,0,channel,accelerometer_z,1.0,1.0,0.0,1.0,1.0,0.0,1,0.0,0.0
permutation,0,channel,accelerometer_z,1.0,0.9790849673202615,0.020915032679738488,1.0,0.9791666666666666,0.02083333333333337,2,0.020915032679738488,0.01647907010961523
permutation,0,channel,accelerometer_z,1.0,1.0,0.0,1.0,1.0,0.0,3,0.0,0.0
permutation,0,channel,accelerometer_z,1.0,1.0,0.0,1.0,1.0,0.0,4,0.0,0.0
permutation,0,channel,game_rot_vec_x,1.0,1.0,0.0,1.0,1.0,0.0,0,0.0,0.0
permutation,0,channel,game_rot_vec_x,1.0,1.0,0.0,1.0,1.0,0.0,1,0.0,0.0
permutation,0,channel,game_rot_vec_x,1.0,0.9790849673202615,0.020915032679738488,1.0,0.9791666666666666,0.02083333333333337,2,0.020915032679738488,0.01647907010961523
permutation,0,channel,game_rot_vec_x,1.0,0.9790849673202615,0.020915032679738488,1.0,0.9791666666666666,0.02083333333333337,3,0.020915032679738488,0.01647907010961523
permutation,0,channel,game_rot_vec_x,1.0,0.9790849673202615,0.020915032679738488,1.0,0.9791666666666666,0.02083333333333337,4,0.020915032679738488,0.01647907010961523
permutation,0,channel,game_rot_vec_y,1.0,0.9565826330532213,0.04341736694677867,1.0,0.9583333333333334,0.04166666666666663,0,0.04341736694677867,0.0342087839329067
permutation,0,channel,game_rot_vec_y,1.0,0.9565826330532213,0.04341736694677867,1.0,0.9583333333333334,0.04166666666666663,1,0.04341736694677867,0.0342087839329067
permutation,0,channel,game_rot_vec_y,1.0,0.9565826330532213,0.04341736694677867,1.0,0.9583333333333334,0.04166666666666663,2,0.04341736694677867,0.0342087839329067
permutation,0,channel,game_rot_vec_y,1.0,0.9565826330532213,0.04341736694677867,1.0,0.9583333333333334,0.04166666666666663,3,0.04341736694677867,0.0342087839329067
permutation,0,channel,game_rot_vec_y,1.0,0.9790849673202615,0.020915032679738488,1.0,0.9791666666666666,0.02083333333333337,4,0.020915032679738488,0.01647907010961523
permutation,0,channel,game_rot_vec_z,1.0,0.9790849673202615,0.020915032679738488,1.0,0.9791666666666666,0.02083333333333337,0,0.020915032679738488,0.01647907010961523
permutation,0,channel,game_rot_vec_z,1.0,1.0,0.0,1.0,1.0,0.0,1,0.0,0.0
permutation,0,channel,game_rot_vec_z,1.0,1.0,0.0,1.0,1.0,0.0,2,0.0,0.0
permutation,0,channel,game_rot_vec_z,1.0,1.0,0.0,1.0,1.0,0.0,3,0.0,0.0
permutation,0,channel,game_rot_vec_z,1.0,0.9790849673202615,0.020915032679738488,1.0,0.9791666666666666,0.02083333333333337,4,0.020915032679738488,0.01647907010961523
permutation,0,channel,gravity_x,1.0,0.9790849673202615,0.020915032679738488,1.0,0.9791666666666666,0.02083333333333337,0,0.020915032679738488,0.01647907010961523
permutation,0,channel,gravity_x,1.0,0.9565826330532213,0.04341736694677867,1.0,0.9583333333333334,0.04166666666666663,1,0.04341736694677867,0.0342087839329067
permutation,0,channel,gravity_x,1.0,0.9790849673202615,0.020915032679738488,1.0,0.9791666666666666,0.02083333333333337,2,0.020915032679738488,0.01647907010961523
permutation,0,channel,gravity_x,1.0,0.9581699346405229,0.04183006535947709,1.0,0.9583333333333334,0.04166666666666663,3,0.04183006535947709,0.03295814021923055
permutation,0,channel,gravity_x,1.0,0.9790849673202615,0.020915032679738488,1.0,0.9791666666666666,0.02083333333333337,4,0.020915032679738488,0.01647907010961523
permutation,0,channel,gravity_y,1.0,0.9790849673202615,0.020915032679738488,1.0,0.9791666666666666,0.02083333333333337,0,0.020915032679738488,0.01647907010961523
permutation,0,channel,gravity_y,1.0,1.0,0.0,1.0,1.0,0.0,1,0.0,0.0
permutation,0,channel,gravity_y,1.0,0.9565826330532213,0.04341736694677867,1.0,0.9583333333333334,0.04166666666666663,2,0.04341736694677867,0.0342087839329067
permutation,0,channel,gravity_y,1.0,1.0,0.0,1.0,1.0,0.0,3,0.0,0.0
permutation,0,channel,gravity_y,1.0,0.9790849673202615,0.020915032679738488,1.0,0.9791666666666666,0.02083333333333337,4,0.020915032679738488,0.01647907010961523
permutation,0,channel,gravity_z,1.0,0.9790849673202615,0.020915032679738488,1.0,0.9791666666666666,0.02083333333333337,0,0.020915032679738488,0.01647907010961523
permutation,0,channel,gravity_z,1.0,0.9790849673202615,0.020915032679738488,1.0,0.9791666666666666,0.02083333333333337,1,0.020915032679738488,0.01647907010961523
permutation,0,channel,gravity_z,1.0,1.0,0.0,1.0,1.0,0.0,2,0.0,0.0
permutation,0,channel,gravity_z,1.0,0.9790849673202615,0.020915032679738488,1.0,0.9791666666666666,0.02083333333333337,3,0.020915032679738488,0.01647907010961523
permutation,0,channel,gravity_z,1.0,1.0,0.0,1.0,1.0,0.0,4,0.0,0.0
permutation,0,channel,gyros_x,1.0,0.9790849673202615,0.020915032679738488,1.0,0.9791666666666666,0.02083333333333337,0,0.020915032679738488,0.01647907010961523
permutation,0,channel,gyros_x,1.0,0.9790849673202615,0.020915032679738488,1.0,0.9791666666666666,0.02083333333333337,1,0.020915032679738488,0.01647907010961523
permutation,0,channel,gyros_x,1.0,0.9565826330532213,0.04341736694677867,1.0,0.9583333333333334,0.04166666666666663,2,0.04341736694677867,0.0342087839329067
permutation,0,channel,gyros_x,1.0,0.9790849673202615,0.020915032679738488,1.0,0.9791666666666666,0.02083333333333337,3,0.020915032679738488,0.01647907010961523
permutation,0,channel,gyros_x,1.0,0.9565826330532213,0.04341736694677867,1.0,0.9583333333333334,0.04166666666666663,4,0.04341736694677867,0.0342087839329067
permutation,0,channel,gyros_y,1.0,1.0,0.0,1.0,1.0,0.0,0,0.0,0.0
permutation,0,channel,gyros_y,1.0,1.0,0.0,1.0,1.0,0.0,1,0.0,0.0
permutation,0,channel,gyros_y,1.0,1.0,0.0,1.0,1.0,0.0,2,0.0,0.0
permutation,0,channel,gyros_y,1.0,0.9790849673202615,0.020915032679738488,1.0,0.9791666666666666,0.02083333333333337,3,0.020915032679738488,0.01647907010961523
permutation,0,channel,gyros_y,1.0,1.0,0.0,1.0,1.0,0.0,4,0.0,0.0
permutation,0,channel,gyros_z,1.0,1.0,0.0,1.0,1.0,0.0,0,0.0,0.0
permutation,0,channel,gyros_z,1.0,1.0,0.0,1.0,1.0,0.0,1,0.0,0.0
permutation,0,channel,gyros_z,1.0,1.0,0.0,1.0,1.0,0.0,2,0.0,0.0
permutation,0,channel,gyros_z,1.0,0.9790849673202615,0.020915032679738488,1.0,0.9791666666666666,0.02083333333333337,3,0.020915032679738488,0.01647907010961523
permutation,0,channel,gyros_z,1.0,0.9790849673202615,0.020915032679738488,1.0,0.9791666666666666,0.02083333333333337,4,0.020915032679738488,0.01647907010961523
permutation,0,channel,lin_accel_x,1.0,1.0,0.0,1.0,1.0,0.0,0,0.0,0.0
permutation,0,channel,lin_accel_x,1.0,0.9790849673202615,0.020915032679738488,1.0,0.9791666666666666,0.02083333333333337,1,0.020915032679738488,0.01647907010961523
permutation,0,channel,lin_accel_x,1.0,1.0,0.0,1.0,1.0,0.0,2,0.0,0.0
permutation,0,channel,lin_accel_x,1.0,0.9565826330532213,0.04341736694677867,1.0,0.9583333333333334,0.04166666666666663,3,0.04341736694677867,0.0342087839329067
permutation,0,channel,lin_accel_x,1.0,0.9790849673202615,0.020915032679738488,1.0,0.9791666666666666,0.02083333333333337,4,0.020915032679738488,0.01647907010961523
permutation,0,channel,lin_accel_y,1.0,0.9790849673202615,0.020915032679738488,1.0,0.9791666666666666,0.02083333333333337,0,0.020915032679738488,0.01647907010961523
permutation,0,channel,lin_accel_y,1.0,1.0,0.0,1.0,1.0,0.0,1,0.0,0.0
permutation,0,channel,lin_accel_y,1.0,1.0,0.0,1.0,1.0,0.0,2,0.0,0.0
permutation,0,channel,lin_accel_y,1.0,1.0,0.0,1.0,1.0,0.0,3,0.0,0.0
permutation,0,channel,lin_accel_y,1.0,1.0,0.0,1.0,1.0,0.0,4,0.0,0.0
permutation,0,channel,lin_accel_z,1.0,1.0,0.0,1.0,1.0,0.0,0,0.0,0.0
permutation,0,channel,lin_accel_z,1.0,0.9790849673202615,0.020915032679738488,1.0,0.9791666666666666,0.02083333333333337,1,0.020915032679738488,0.01647907010961523
permutation,0,channel,lin_accel_z,1.0,0.9790849673202615,0.020915032679738488,1.0,0.9791666666666666,0.02083333333333337,2,0.020915032679738488,0.01647907010961523
permutation,0,channel,lin_accel_z,1.0,0.9790849673202615,0.020915032679738488,1.0,0.9791666666666666,0.02083333333333337,3,0.020915032679738488,0.01647907010961523
permutation,0,channel,lin_accel_z,1.0,1.0,0.0,1.0,1.0,0.0,4,0.0,0.0
permutation,0,channel,magn_field_x,1.0,0.9790849673202615,0.020915032679738488,1.0,0.9791666666666666,0.02083333333333337,0,0.020915032679738488,0.01647907010961523
permutation,0,channel,magn_field_x,1.0,1.0,0.0,1.0,1.0,0.0,1,0.0,0.0
permutation,0,channel,magn_field_x,1.0,1.0,0.0,1.0,1.0,0.0,2,0.0,0.0
permutation,0,channel,magn_field_x,1.0,1.0,0.0,1.0,1.0,0.0,3,0.0,0.0
permutation,0,channel,magn_field_x,1.0,1.0,0.0,1.0,1.0,0.0,4,0.0,0.0
permutation,0,channel,magn_field_y,1.0,1.0,0.0,1.0,1.0,0.0,0,0.0,0.0
permutation,0,channel,magn_field_y,1.0,0.9790849673202615,0.020915032679738488,1.0,0.9791666666666666,0.02083333333333337,1,0.020915032679738488,0.01647907010961523
permutation,0,channel,magn_field_y,1.0,0.9790849673202615,0.020915032679738488,1.0,0.9791666666666666,0.02083333333333337,2,0.020915032679738488,0.01647907010961523
permutation,0,channel,magn_field_y,1.0,1.0,0.0,1.0,1.0,0.0,3,0.0,0.0
permutation,0,channel,magn_field_y,1.0,0.9790849673202615,0.020915032679738488,1.0,0.9791666666666666,0.02083333333333337,4,0.020915032679738488,0.01647907010961523
permutation,0,channel,magn_field_z,1.0,0.9790849673202615,0.020915032679738488,1.0,0.9791666666666666,0.02083333333333337,0,0.020915032679738488,0.01647907010961523
permutation,0,channel,magn_field_z,1.0,1.0,0.0,1.0,1.0,0.0,1,0.0,0.0
permutation,0,channel,magn_field_z,1.0,0.9790849673202615,0.020915032679738488,1.0,0.9791666666666666,0.02083333333333337,2,0.020915032679738488,0.01647907010961523
permutation,0,channel,magn_field_z,1.0,0.9790849673202615,0.020915032679738488,1.0,0.9791666666666666,0.02083333333333337,3,0.020915032679738488,0.01647907010961523
permutation,0,channel,magn_field_z,1.0,1.0,0.0,1.0,1.0,0.0,4,0.0,0.0
permutation,1,sensor_family,accelerometer,0.8749183006535949,0.875,-8.169934640511745e-05,0.875,0.875,0.0,0,0.0,0.0
permutation,1,sensor_family,accelerometer,0.8749183006535949,0.898202614379085,-0.023284313725490113,0.875,0.8958333333333334,-0.02083333333333337,1,0.0,0.0
permutation,1,sensor_family,accelerometer,0.8749183006535949,0.8212885154061625,0.05362978524743234,0.875,0.8125,0.0625,2,0.05362978524743234,0.07401580722063511
permutation,1,sensor_family,accelerometer,0.8749183006535949,0.856454248366013,0.018464052287581856,0.875,0.8541666666666666,0.02083333333333337,3,0.018464052287581856,0.025482700113829308
permutation,1,sensor_family,accelerometer,0.8749183006535949,0.8601307189542484,0.014787581699346464,0.875,0.8541666666666666,0.02083333333333337,4,0.014787581699346464,0.02040871115311099
permutation,1,sensor_family,game_rot_vec,0.8749183006535949,0.8357026143790849,0.03921568627451,0.875,0.8333333333333334,0.04166666666666663,0,0.03921568627451,0.05412254891432754
permutation,1,sensor_family,game_rot_vec,0.8749183006535949,0.8540849673202615,0.02083333333333337,0.875,0.8541666666666666,0.02083333333333337,1,0.02083333333333337,0.028752604110736414
permutation,1,sensor_family,game_rot_vec,0.8749183006535949,0.8148692810457517,0.060049019607843146,0.875,0.8125,0.0625,2,0.060049019607843146,0.08287515302506365
permutation,1,sensor_family,game_rot_vec,0.8749183006535949,0.8356209150326798,0.039297385620915115,0.875,0.8333333333333334,0.04166666666666663,3,0.039297385620915115,0.054235304224565566
permutation,1,sensor_family,game_rot_vec,0.8749183006535949,0.8565359477124183,0.018382352941176627,0.875,0.8541666666666666,0.02083333333333337,4,0.018382352941176627,0.025369944803591126
permutation,1,sensor_family,gravity,0.8749183006535949,0.7894063180827886,0.08551198257080628,0.875,0.7916666666666666,0.08333333333333337,0,0.08551198257080628,0.11801722471596388
permutation,1,sensor_family,gravity,0.8749183006535949,0.8758986928104576,-0.0009803921568627416,0.875,0.875,0.0,1,0.0,0.0
permutation,1,sensor_family,gravity,0.8749183006535949,0.8488328664799254,0.026085434173669486,0.875,0.8541666666666666,0.02083333333333337,2,0.026085434173669486,0.03600115976890522
permutation,1,sensor_family,gravity,0.8749183006535949,0.8954248366013072,-0.020506535947712345,0.875,0.8958333333333334,-0.02083333333333337,3,0.0,0.0
permutation,1,sensor_family,gravity,0.8749183006535949,0.8581349206349206,0.0167833800186743,0.875,0.8541666666666666,0.02083333333333337,4,0.0167833800186743,0.023163162303215287
permutation,1,sensor_family,gyros,0.8749183006535949,0.8817460317460317,-0.0068277310924368395,0.875,0.875,0.0,0,0.0,0.0
permutation,1,sensor_family,gyros,0.8749183006535949,0.8148692810457517,0.060049019607843146,0.875,0.8125,0.0625,1,0.060049019607843146,0.08287515302506365
permutation,1,sensor_family,gyros,0.8749183006535949,0.8967320261437909,-0.021813725490196,0.875,0.8958333333333334,-0.02083333333333337,2,0.0,0.0
permutation,1,sensor_family,gyros,0.8749183006535949,0.8548669467787114,0.020051353874883437,0.875,0.8541666666666666,0.02083333333333337,3,0.020051353874883437,0.027673374712742546
permutation,1,sensor_family,gyros,0.8749183006535949,0.8967320261437909,-0.021813725490196,0.875,0.8958333333333334,-0.02083333333333337,4,0.0,0.0
permutation,1,sensor_family,lin_accel,0.8749183006535949,0.8357026143790849,0.03921568627451,0.875,0.8333333333333334,0.04166666666666663,0,0.03921568627451,0.05412254891432754
permutation,1,sensor_family,lin_accel,0.8749183006535949,0.831454248366013,0.04346405228758188,0.875,0.8333333333333334,0.04166666666666663,1,0.04346405228758188,0.05998582504671297
permutation,1,sensor_family,lin_accel,0.8749183006535949,0.8357026143790849,0.03921568627451,0.875,0.8333333333333334,0.04166666666666663,2,0.03921568627451,0.05412254891432754
permutation,1,sensor_family,lin_accel,0.8749183006535949,0.8758986928104576,-0.0009803921568627416,0.875,0.875,0.0,3,0.0,0.0
permutation,1,sensor_family,lin_accel,0.8749183006535949,0.8577614379084967,0.0171568627450982,0.875,0.8541666666666666,0.02083333333333337,4,0.0171568627450982,0.023678615150018404
permutation,1,sensor_family,magn_field,0.8749183006535949,0.8566643323996265,0.01825396825396841,0.875,0.8541666666666666,0.02083333333333337,0,0.01825396825396841,0.025192757887502554
permutation,1,sensor_family,magn_field,0.8749183006535949,0.8540849673202615,0.02083333333333337,0.875,0.8541666666666666,0.02083333333333337,1,0.02083333333333337,0.028752604110736414
permutation,1,sensor_family,magn_field,0.8749183006535949,0.875,-8.169934640511745e-05,0.875,0.875,0.0,2,0.0,0.0
permutation,1,sensor_family,magn_field,0.8749183006535949,0.8369281045751634,0.03799019607843146,0.875,0.8333333333333334,0.04166666666666663,3,0.03799019607843146,0.05243121926075466
permutation,1,sensor_family,magn_field,0.8749183006535949,0.8396164021164022,0.03530189853719268,0.875,0.8333333333333334,0.04166666666666663,4,0.03530189853719268,0.04872103262386964
permutation,1,channel,accelerometer_x,0.8749183006535949,0.8577614379084967,0.0171568627450982,0.875,0.8541666666666666,0.02083333333333337,0,0.0171568627450982,0.010861212909327381
permutation,1,channel,accelerometer_x,0.8749183006535949,0.8577614379084967,0.0171568627450982,0.875,0.8541666666666666,0.02083333333333337,1,0.0171568627450982,0.010861212909327381
permutation,1,channel,accelerometer_x,0.8749183006535949,0.8577614379084967,0.0171568627450982,0.875,0.8541666666666666,0.02083333333333337,2,0.0171568627450982,0.010861212909327381
permutation,1,channel,accelerometer_x,0.8749183006535949,0.8577614379084967,0.0171568627450982,0.875,0.8541666666666666,0.02083333333333337,3,0.0171568627450982,0.010861212909327381
permutation,1,channel,accelerometer_x,0.8749183006535949,0.8577614379084967,0.0171568627450982,0.875,0.8541666666666666,0.02083333333333337,4,0.0171568627450982,0.010861212909327381
permutation,1,channel,accelerometer_y,0.8749183006535949,0.8577614379084967,0.0171568627450982,0.875,0.8541666666666666,0.02083333333333337,0,0.0171568627450982,0.010861212909327381
permutation,1,channel,accelerometer_y,0.8749183006535949,0.8758986928104576,-0.0009803921568627416,0.875,0.875,0.0,1,0.0,0.0
permutation,1,channel,accelerometer_y,0.8749183006535949,0.8540849673202615,0.02083333333333337,0.875,0.8541666666666666,0.02083333333333337,2,0.02083333333333337,0.013188615675611718
permutation,1,channel,accelerometer_y,0.8749183006535949,0.8577614379084967,0.0171568627450982,0.875,0.8541666666666666,0.02083333333333337,3,0.0171568627450982,0.010861212909327381
permutation,1,channel,accelerometer_y,0.8749183006535949,0.8720588235294118,0.0028594771241831074,0.875,0.875,0.0,4,0.0028594771241831074,0.0018102021515546103
permutation,1,channel,accelerometer_z,0.8749183006535949,0.831454248366013,0.04346405228758188,0.875,0.8333333333333334,0.04166666666666663,0,0.04346405228758188,0.02751507270362922
permutation,1,channel,accelerometer_z,0.8749183006535949,0.8125,0.06241830065359488,0.875,0.8125,0.0625,1,0.06241830065359488,0.03951412696536217
permutation,1,channel,accelerometer_z,0.8749183006535949,0.8125,0.06241830065359488,0.875,0.8125,0.0625,2,0.06241830065359488,0.03951412696536217
permutation,1,channel,accelerometer_z,0.8749183006535949,0.8357026143790849,0.03921568627451,0.875,0.8333333333333334,0.04166666666666663,3,0.03921568627451,0.024825629507033903
permutation,1,channel,accelerometer_z,0.8749183006535949,0.8357026143790849,0.03921568627451,0.875,0.8333333333333334,0.04166666666666663,4,0.03921568627451,0.024825629507033903
permutation,1,channel,game_rot_vec_x,0.8749183006535949,0.8577614379084967,0.0171568627450982,0.875,0.8541666666666666,0.02083333333333337,0,0.0171568627450982,0.010861212909327381
permutation,1,channel,game_rot_vec_x,0.8749183006535949,0.8522875816993464,0.022630718954248508,0.875,0.8541666666666666,0.02083333333333337,1,0.022630718954248508,0.0143264570280175
permutation,1,channel,game_rot_vec_x,0.8749183006535949,0.8967320261437909,-0.021813725490196,0.875,0.8958333333333334,-0.02083333333333337,2,0.0,0.0
permutation,1,channel,game_rot_vec_x,0.8749183006535949,0.8577614379084967,0.0171568627450982,0.875,0.8541666666666666,0.02083333333333337,3,0.0171568627450982,0.010861212909327381
permutation,1,channel,game_rot_vec_x,0.8749183006535949,0.8357026143790849,0.03921568627451,0.875,0.8333333333333334,0.04166666666666663,4,0.03921568627451,0.024825629507033903
permutation,1,channel,game_rot_vec_y,0.8749183006535949,0.8522875816993464,0.022630718954248508,0.875,0.8541666666666666,0.02083333333333337,0,0.022630718954248508,0.0143264570280175
permutation,1,channel,game_rot_vec_y,0.8749183006535949,0.8357026143790849,0.03921568627451,0.875,0.8333333333333334,0.04166666666666663,1,0.03921568627451,0.024825629507033903
permutation,1,channel,game_rot_vec_y,0.8749183006535949,0.875,-8.169934640511745e-05,0.875,0.875,0.0,2,0.0,0.0
permutation,1,channel,game_rot_vec_y,0.8749183006535949,0.8540849673202615,0.02083333333333337,0.875,0.8541666666666666,0.02083333333333337,3,0.02083333333333337,0.013188615675611718
permutation,1,channel,game_rot_vec_y,0.8749183006535949,0.8522875816993464,0.022630718954248508,0.875,0.8541666666666666,0.02083333333333337,4,0.022630718954248508,0.0143264570280175
permutation,1,channel,game_rot_vec_z,0.8749183006535949,0.8749183006535949,0.0,0.875,0.875,0.0,0,0.0,0.0
permutation,1,channel,game_rot_vec_z,0.8749183006535949,0.8749183006535949,0.0,0.875,0.875,0.0,1,0.0,0.0
permutation,1,channel,game_rot_vec_z,0.8749183006535949,0.8791666666666668,-0.00424836601307188,0.875,0.875,0.0,2,0.0,0.0
permutation,1,channel,game_rot_vec_z,0.8749183006535949,0.8577614379084967,0.0171568627450982,0.875,0.8541666666666666,0.02083333333333337,3,0.0171568627450982,0.010861212909327381
permutation,1,channel,game_rot_vec_z,0.8749183006535949,0.8577614379084967,0.0171568627450982,0.875,0.8541666666666666,0.02083333333333337,4,0.0171568627450982,0.010861212909327381
permutation,1,channel,gravity_x,0.8749183006535949,0.8125,0.06241830065359488,0.875,0.8125,0.0625,0,0.06241830065359488,0.03951412696536217
permutation,1,channel,gravity_x,0.8749183006535949,0.8749183006535949,0.0,0.875,0.875,0.0,1,0.0,0.0
permutation,1,channel,gravity_x,0.8749183006535949,0.8357026143790849,0.03921568627451,0.875,0.8333333333333334,0.04166666666666663,2,0.03921568627451,0.024825629507033903
permutation,1,channel,gravity_x,0.8749183006535949,0.8577614379084967,0.0171568627450982,0.875,0.8541666666666666,0.02083333333333337,3,0.0171568627450982,0.010861212909327381
permutation,1,channel,gravity_x,0.8749183006535949,0.8749183006535949,0.0,0.875,0.875,0.0,4,0.0,0.0
permutation,1,channel,gravity_y,0.8749183006535949,0.8749183006535949,0.0,0.875,0.875,0.0,0,0.0,0.0
permutation,1,channel,gravity_y,0.8749183006535949,0.8540849673202615,0.02083333333333337,0.875,0.8541666666666666,0.02083333333333337,1,0.02083333333333337,0.013188615675611718
permutation,1,channel,gravity_y,0.8749183006535949,0.8577614379084967,0.0171568627450982,0.875,0.8541666666666666,0.02083333333333337,2,0.0171568627450982,0.010861212909327381
permutation,1,channel,gravity_y,0.8749183006535949,0.8577614379084967,0.0171568627450982,0.875,0.8541666666666666,0.02083333333333337,3,0.0171568627450982,0.010861212909327381
permutation,1,channel,gravity_y,0.8749183006535949,0.8749183006535949,0.0,0.875,0.875,0.0,4,0.0,0.0
permutation,1,channel,gravity_z,0.8749183006535949,0.8758986928104576,-0.0009803921568627416,0.875,0.875,0.0,0,0.0,0.0
permutation,1,channel,gravity_z,0.8749183006535949,0.8577614379084967,0.0171568627450982,0.875,0.8541666666666666,0.02083333333333337,1,0.0171568627450982,0.010861212909327381
permutation,1,channel,gravity_z,0.8749183006535949,0.8340336134453782,0.0408846872082167,0.875,0.8333333333333334,0.04166666666666663,2,0.0408846872082167,0.02588219647712485
permutation,1,channel,gravity_z,0.8749183006535949,0.8540849673202615,0.02083333333333337,0.875,0.8541666666666666,0.02083333333333337,3,0.02083333333333337,0.013188615675611718
permutation,1,channel,gravity_z,0.8749183006535949,0.8181022408963585,0.05681605975723636,0.875,0.8125,0.0625,4,0.05681605975723636,0.035967608464357356
permutation,1,channel,gyros_x,0.8749183006535949,0.8967320261437909,-0.021813725490196,0.875,0.8958333333333334,-0.02083333333333337,0,0.0,0.0
permutation,1,channel,gyros_x,0.8749183006535949,0.8749183006535949,0.0,0.875,0.875,0.0,1,0.0,0.0
permutation,1,channel,gyros_x,0.8749183006535949,0.8720588235294118,0.0028594771241831074,0.875,0.875,0.0,2,0.0028594771241831074,0.0018102021515546103
permutation,1,channel,gyros_x,0.8749183006535949,0.8540849673202615,0.02083333333333337,0.875,0.8541666666666666,0.02083333333333337,3,0.02083333333333337,0.013188615675611718
permutation,1,channel,gyros_x,0.8749183006535949,0.8540849673202615,0.02083333333333337,0.875,0.8541666666666666,0.02083333333333337,4,0.02083333333333337,0.013188615675611718
permutation,1,channel,gyros_y,0.8749183006535949,0.8577614379084967,0.0171568627450982,0.875,0.8541666666666666,0.02083333333333337,0,0.0171568627450982,0.010861212909327381
permutation,1,channel,gyros_y,0.8749183006535949,0.8577614379084967,0.0171568627450982,0.875,0.8541666666666666,0.02083333333333337,1,0.0171568627450982,0.010861212909327381
permutation,1,channel,gyros_y,0.8749183006535949,0.8577614379084967,0.0171568627450982,0.875,0.8541666666666666,0.02083333333333337,2,0.0171568627450982,0.010861212909327381
permutation,1,channel,gyros_y,0.8749183006535949,0.8577614379084967,0.0171568627450982,0.875,0.8541666666666666,0.02083333333333337,3,0.0171568627450982,0.010861212909327381
permutation,1,channel,gyros_y,0.8749183006535949,0.8577614379084967,0.0171568627450982,0.875,0.8541666666666666,0.02083333333333337,4,0.0171568627450982,0.010861212909327381
permutation,1,channel,gyros_z,0.8749183006535949,0.8577614379084967,0.0171568627450982,0.875,0.8541666666666666,0.02083333333333337,0,0.0171568627450982,0.010861212909327381
permutation,1,channel,gyros_z,0.8749183006535949,0.8577614379084967,0.0171568627450982,0.875,0.8541666666666666,0.02083333333333337,1,0.0171568627450982,0.010861212909327381
permutation,1,channel,gyros_z,0.8749183006535949,0.8791666666666668,-0.00424836601307188,0.875,0.875,0.0,2,0.0,0.0
permutation,1,channel,gyros_z,0.8749183006535949,0.8577614379084967,0.0171568627450982,0.875,0.8541666666666666,0.02083333333333337,3,0.0171568627450982,0.010861212909327381
permutation,1,channel,gyros_z,0.8749183006535949,0.8577614379084967,0.0171568627450982,0.875,0.8541666666666666,0.02083333333333337,4,0.0171568627450982,0.010861212909327381
permutation,1,channel,lin_accel_x,0.8749183006535949,0.8577614379084967,0.0171568627450982,0.875,0.8541666666666666,0.02083333333333337,0,0.0171568627450982,0.010861212909327381
permutation,1,channel,lin_accel_x,0.8749183006535949,0.8577614379084967,0.0171568627450982,0.875,0.8541666666666666,0.02083333333333337,1,0.0171568627450982,0.010861212909327381
permutation,1,channel,lin_accel_x,0.8749183006535949,0.8577614379084967,0.0171568627450982,0.875,0.8541666666666666,0.02083333333333337,2,0.0171568627450982,0.010861212909327381
permutation,1,channel,lin_accel_x,0.8749183006535949,0.8577614379084967,0.0171568627450982,0.875,0.8541666666666666,0.02083333333333337,3,0.0171568627450982,0.010861212909327381
permutation,1,channel,lin_accel_x,0.8749183006535949,0.8577614379084967,0.0171568627450982,0.875,0.8541666666666666,0.02083333333333337,4,0.0171568627450982,0.010861212909327381
permutation,1,channel,lin_accel_y,0.8749183006535949,0.8522875816993464,0.022630718954248508,0.875,0.8541666666666666,0.02083333333333337,0,0.022630718954248508,0.0143264570280175
permutation,1,channel,lin_accel_y,0.8749183006535949,0.8749183006535949,0.0,0.875,0.875,0.0,1,0.0,0.0
permutation,1,channel,lin_accel_y,0.8749183006535949,0.8522875816993464,0.022630718954248508,0.875,0.8541666666666666,0.02083333333333337,2,0.022630718954248508,0.0143264570280175
permutation,1,channel,lin_accel_y,0.8749183006535949,0.8749183006535949,0.0,0.875,0.875,0.0,3,0.0,0.0
permutation,1,channel,lin_accel_y,0.8749183006535949,0.8749183006535949,0.0,0.875,0.875,0.0,4,0.0,0.0
permutation,1,channel,lin_accel_z,0.8749183006535949,0.8577614379084967,0.0171568627450982,0.875,0.8541666666666666,0.02083333333333337,0,0.0171568627450982,0.010861212909327381
permutation,1,channel,lin_accel_z,0.8749183006535949,0.8749183006535949,0.0,0.875,0.875,0.0,1,0.0,0.0
permutation,1,channel,lin_accel_z,0.8749183006535949,0.8357026143790849,0.03921568627451,0.875,0.8333333333333334,0.04166666666666663,2,0.03921568627451,0.024825629507033903
permutation,1,channel,lin_accel_z,0.8749183006535949,0.8357026143790849,0.03921568627451,0.875,0.8333333333333334,0.04166666666666663,3,0.03921568627451,0.024825629507033903
permutation,1,channel,lin_accel_z,0.8749183006535949,0.8749183006535949,0.0,0.875,0.875,0.0,4,0.0,0.0
permutation,1,channel,magn_field_x,0.8749183006535949,0.8749183006535949,0.0,0.875,0.875,0.0,0,0.0,0.0
permutation,1,channel,magn_field_x,0.8749183006535949,0.8577614379084967,0.0171568627450982,0.875,0.8541666666666666,0.02083333333333337,1,0.0171568627450982,0.010861212909327381
permutation,1,channel,magn_field_x,0.8749183006535949,0.8577614379084967,0.0171568627450982,0.875,0.8541666666666666,0.02083333333333337,2,0.0171568627450982,0.010861212909327381
permutation,1,channel,magn_field_x,0.8749183006535949,0.8749183006535949,0.0,0.875,0.875,0.0,3,0.0,0.0
permutation,1,channel,magn_field_x,0.8749183006535949,0.8577614379084967,0.0171568627450982,0.875,0.8541666666666666,0.02083333333333337,4,0.0171568627450982,0.010861212909327381
permutation,1,channel,magn_field_y,0.8749183006535949,0.8577614379084967,0.0171568627450982,0.875,0.8541666666666666,0.02083333333333337,0,0.0171568627450982,0.010861212909327381
permutation,1,channel,magn_field_y,0.8749183006535949,0.8749183006535949,0.0,0.875,0.875,0.0,1,0.0,0.0
permutation,1,channel,magn_field_y,0.8749183006535949,0.8749183006535949,0.0,0.875,0.875,0.0,2,0.0,0.0
permutation,1,channel,magn_field_y,0.8749183006535949,0.8357026143790849,0.03921568627451,0.875,0.8333333333333334,0.04166666666666663,3,0.03921568627451,0.024825629507033903
permutation,1,channel,magn_field_y,0.8749183006535949,0.8540849673202615,0.02083333333333337,0.875,0.8541666666666666,0.02083333333333337,4,0.02083333333333337,0.013188615675611718
permutation,1,channel,magn_field_z,0.8749183006535949,0.8577614379084967,0.0171568627450982,0.875,0.8541666666666666,0.02083333333333337,0,0.0171568627450982,0.010861212909327381
permutation,1,channel,magn_field_z,0.8749183006535949,0.8577614379084967,0.0171568627450982,0.875,0.8541666666666666,0.02083333333333337,1,0.0171568627450982,0.010861212909327381
permutation,1,channel,magn_field_z,0.8749183006535949,0.8540849673202615,0.02083333333333337,0.875,0.8541666666666666,0.02083333333333337,2,0.02083333333333337,0.013188615675611718
permutation,1,channel,magn_field_z,0.8749183006535949,0.8577614379084967,0.0171568627450982,0.875,0.8541666666666666,0.02083333333333337,3,0.0171568627450982,0.010861212909327381
permutation,1,channel,magn_field_z,0.8749183006535949,0.8577614379084967,0.0171568627450982,0.875,0.8541666666666666,0.02083333333333337,4,0.0171568627450982,0.010861212909327381
permutation,2,sensor_family,accelerometer,0.7969298245614036,0.7969298245614036,0.0,0.7916666666666666,0.7916666666666666,0.0,0,0.0,0.0
permutation,2,sensor_family,accelerometer,0.7969298245614036,0.8150326797385622,-0.018102855177158594,0.7916666666666666,0.8125,-0.02083333333333337,1,0.0,0.0
permutation,2,sensor_family,accelerometer,0.7969298245614036,0.8326797385620915,-0.03574991400068794,0.7916666666666666,0.8333333333333334,-0.04166666666666674,2,0.0,0.0
permutation,2,sensor_family,accelerometer,0.7969298245614036,0.7789682539682539,0.017961570593149734,0.7916666666666666,0.7708333333333334,0.02083333333333326,3,0.017961570593149734,0.07531426845974315
permutation,2,sensor_family,accelerometer,0.7969298245614036,0.7756996658312448,0.021230158730158766,0.7916666666666666,0.7708333333333334,0.02083333333333326,4,0.021230158730158766,0.08901971382480026
permutation,2,sensor_family,game_rot_vec,0.7969298245614036,0.7733187134502925,0.023611111111111138,0.7916666666666666,0.7708333333333334,0.02083333333333326,0,0.023611111111111138,0.09900323313225444
permutation,2,sensor_family,game_rot_vec,0.7969298245614036,0.8150326797385622,-0.018102855177158594,0.7916666666666666,0.8125,-0.02083333333333337,1,0.0,0.0
permutation,2,sensor_family,game_rot_vec,0.7969298245614036,0.7944444444444444,0.0024853801169592016,0.7916666666666666,0.7916666666666666,0.0,2,0.0024853801169592016,0.010421392961290504
permutation,2,sensor_family,game_rot_vec,0.7969298245614036,0.7718253968253969,0.02510442773600674,0.7916666666666666,0.7708333333333334,0.02083333333333326,3,0.02510442773600674,0.10526482638210523
permutation,2,sensor_family,game_rot_vec,0.7969298245614036,0.7930555555555556,0.0038742690058479745,0.7916666666666666,0.7916666666666666,0.0,4,0.0038742690058479745,0.01624511255730498
permutation,2,sensor_family,gravity,0.7969298245614036,0.7889822595704948,0.007947564990908762,0.7916666666666666,0.7916666666666666,0.0,0,0.007947564990908762,0.03332476078427363
permutation,2,sensor_family,gravity,0.7969298245614036,0.7908496732026143,0.006080151358789254,0.7916666666666666,0.7916666666666666,0.0,1,0.006080151358789254,0.025494549562740935
permutation,2,sensor_family,gravity,0.7969298245614036,0.7969298245614036,0.0,0.7916666666666666,0.7916666666666666,0.0,2,0.0,0.0
permutation,2,sensor_family,gravity,0.7969298245614036,0.7908496732026143,0.006080151358789254,0.7916666666666666,0.7916666666666666,0.0,3,0.006080151358789254,0.025494549562740935
permutation,2,sensor_family,gravity,0.7969298245614036,0.7883986928104575,0.008531131750946108,0.7916666666666666,0.7916666666666666,0.0,4,0.008531131750946108,0.03577170179100259
permutation,2,sensor_family,gyros,0.7969298245614036,0.7756996658312448,0.021230158730158766,0.7916666666666666,0.7708333333333334,0.02083333333333326,0,0.021230158730158766,0.08901971382480026
permutation,2,sensor_family,gyros,0.7969298245614036,0.7969298245614036,0.0,0.7916666666666666,0.7916666666666666,0.0,1,0.0,0.0
permutation,2,sensor_family,gyros,0.7969298245614036,0.7938025210084034,0.0031273035530001714,0.7916666666666666,0.7916666666666666,0.0,2,0.0031273035530001714,0.013113028068691902
permutation,2,sensor_family,gyros,0.7969298245614036,0.7756996658312448,0.021230158730158766,0.7916666666666666,0.7708333333333334,0.02083333333333326,3,0.021230158730158766,0.08901971382480026
permutation,2,sensor_family,gyros,0.7969298245614036,0.7964863138237751,0.00044351073762849413,0.7916666666666666,0.7916666666666666,0.0,4,0.00044351073762849413,0.00185967516511448
permutation,2,sensor_family,lin_accel,0.7969298245614036,0.8150326797385622,-0.018102855177158594,0.7916666666666666,0.8125,-0.02083333333333337,0,0.0,0.0
permutation,2,sensor_family,lin_accel,0.7969298245614036,0.7969298245614036,0.0,0.7916666666666666,0.7916666666666666,0.0,1,0.0,0.0
permutation,2,sensor_family,lin_accel,0.7969298245614036,0.8150326797385622,-0.018102855177158594,0.7916666666666666,0.8125,-0.02083333333333337,2,0.0,0.0
permutation,2,sensor_family,lin_accel,0.7969298245614036,0.7969298245614036,0.0,0.7916666666666666,0.7916666666666666,0.0,3,0.0,0.0
permutation,2,sensor_family,lin_accel,0.7969298245614036,0.8150326797385622,-0.018102855177158594,0.7916666666666666,0.8125,-0.02083333333333337,4,0.0,0.0
permutation,2,sensor_family,magn_field,0.7969298245614036,0.7789682539682539,0.017961570593149734,0.7916666666666666,0.7708333333333334,0.02083333333333326,0,0.017961570593149734,0.07531426845974315
permutation,2,sensor_family,magn_field,0.7969298245614036,0.7930555555555556,0.0038742690058479745,0.7916666666666666,0.7916666666666666,0.0,1,0.0038742690058479745,0.01624511255730498
permutation,2,sensor_family,magn_field,0.7969298245614036,0.7969298245614036,0.0,0.7916666666666666,0.7916666666666666,0.0,2,0.0,0.0
permutation,2,sensor_family,magn_field,0.7969298245614036,0.7492144293614883,0.0477153951999153,0.7916666666666666,0.75,0.04166666666666663,3,0.0477153951999153,0.20007437908128833
permutation,2,sensor_family,magn_field,0.7969298245614036,0.8150326797385622,-0.018102855177158594,0.7916666666666666,0.8125,-0.02083333333333337,4,0.0,0.0
permutation,2,channel,accelerometer_x,0.7969298245614036,0.7969298245614036,0.0,0.7916666666666666,0.7916666666666666,0.0,0,0.0,0.0
permutation,2,channel,accelerometer_x,0.7969298245614036,0.7969298245614036,0.0,0.7916666666666666,0.7916666666666666,0.0,1,0.0,0.0
permutation,2,channel,accelerometer_x,0.7969298245614036,0.8150326797385622,-0.018102855177158594,0.7916666666666666,0.8125,-0.02083333333333337,2,0.0,0.0
permutation,2,channel,accelerometer_x,0.7969298245614036,0.7969298245614036,0.0,0.7916666666666666,0.7916666666666666,0.0,3,0.0,0.0
permutation,2,channel,accelerometer_x,0.7969298245614036,0.7969298245614036,0.0,0.7916666666666666,0.7916666666666666,0.0,4,0.0,0.0
permutation,2,channel,accelerometer_y,0.7969298245614036,0.8150326797385622,-0.018102855177158594,0.7916666666666666,0.8125,-0.02083333333333337,0,0.0,0.0
permutation,2,channel,accelerometer_y,0.7969298245614036,0.7964863138237751,0.00044351073762849413,0.7916666666666666,0.7916666666666666,0.0,1,0.00044351073762849413,0.0026654164067092187
permutation,2,channel,accelerometer_y,0.7969298245614036,0.7969298245614036,0.0,0.7916666666666666,0.7916666666666666,0.0,2,0.0,0.0
permutation,2,channel,accelerometer_y,0.7969298245614036,0.8150326797385622,-0.018102855177158594,0.7916666666666666,0.8125,-0.02083333333333337,3,0.0,0.0
permutation,2,channel,accelerometer_y,0.7969298245614036,0.8150326797385622,-0.018102855177158594,0.7916666666666666,0.8125,-0.02083333333333337,4,0.0,0.0
permutation,2,channel,accelerometer_z,0.7969298245614036,0.8150326797385622,-0.018102855177158594,0.7916666666666666,0.8125,-0.02083333333333337,0,0.0,0.0
permutation,2,channel,accelerometer_z,0.7969298245614036,0.8150326797385622,-0.018102855177158594,0.7916666666666666,0.8125,-0.02083333333333337,1,0.0,0.0
permutation,2,channel,accelerometer_z,0.7969298245614036,0.813888888888889,-0.016959064327485396,0.7916666666666666,0.8125,-0.02083333333333337,2,0.0,0.0
permutation,2,channel,accelerometer_z,0.7969298245614036,0.7969298245614036,0.0,0.7916666666666666,0.7916666666666666,0.0,3,0.0,0.0
permutation,2,channel,accelerometer_z,0.7969298245614036,0.7964863138237751,0.00044351073762849413,0.7916666666666666,0.7916666666666666,0.0,4,0.00044351073762849413,0.0026654164067092187
permutation,2,channel,game_rot_vec_x,0.7969298245614036,0.8150326797385622,-0.018102855177158594,0.7916666666666666,0.8125,-0.02083333333333337,0,0.0,0.0
permutation,2,channel,game_rot_vec_x,0.7969298245614036,0.7969298245614036,0.0,0.7916666666666666,0.7916666666666666,0.0,1,0.0,0.0
permutation,2,channel,game_rot_vec_x,0.7969298245614036,0.7969298245614036,0.0,0.7916666666666666,0.7916666666666666,0.0,2,0.0,0.0
permutation,2,channel,game_rot_vec_x,0.7969298245614036,0.7969298245614036,0.0,0.7916666666666666,0.7916666666666666,0.0,3,0.0,0.0
permutation,2,channel,game_rot_vec_x,0.7969298245614036,0.7969298245614036,0.0,0.7916666666666666,0.7916666666666666,0.0,4,0.0,0.0
permutation,2,channel,game_rot_vec_y,0.7969298245614036,0.8150326797385622,-0.018102855177158594,0.7916666666666666,0.8125,-0.02083333333333337,0,0.0,0.0
permutation,2,channel,game_rot_vec_y,0.7969298245614036,0.8150326797385622,-0.018102855177158594,0.7916666666666666,0.8125,-0.02083333333333337,1,0.0,0.0
permutation,2,channel,game_rot_vec_y,0.7969298245614036,0.8150326797385622,-0.018102855177158594,0.7916666666666666,0.8125,-0.02083333333333337,2,0.0,0.0
permutation,2,channel,game_rot_vec_y,0.7969298245614036,0.8150326797385622,-0.018102855177158594,0.7916666666666666,0.8125,-0.02083333333333337,3,0.0,0.0
permutation,2,channel,game_rot_vec_y,0.7969298245614036,0.8150326797385622,-0.018102855177158594,0.7916666666666666,0.8125,-0.02083333333333337,4,0.0,0.0
permutation,2,channel,game_rot_vec_z,0.7969298245614036,0.8150326797385622,-0.018102855177158594,0.7916666666666666,0.8125,-0.02083333333333337,0,0.0,0.0
permutation,2,channel,game_rot_vec_z,0.7969298245614036,0.8150326797385622,-0.018102855177158594,0.7916666666666666,0.8125,-0.02083333333333337,1,0.0,0.0
permutation,2,channel,game_rot_vec_z,0.7969298245614036,0.8150326797385622,-0.018102855177158594,0.7916666666666666,0.8125,-0.02083333333333337,2,0.0,0.0
permutation,2,channel,game_rot_vec_z,0.7969298245614036,0.7969298245614036,0.0,0.7916666666666666,0.7916666666666666,0.0,3,0.0,0.0
permutation,2,channel,game_rot_vec_z,0.7969298245614036,0.8150326797385622,-0.018102855177158594,0.7916666666666666,0.8125,-0.02083333333333337,4,0.0,0.0
permutation,2,channel,gravity_x,0.7969298245614036,0.7969298245614036,0.0,0.7916666666666666,0.7916666666666666,0.0,0,0.0,0.0
permutation,2,channel,gravity_x,0.7969298245614036,0.7789682539682539,0.017961570593149734,0.7916666666666666,0.7708333333333334,0.02083333333333326,1,0.017961570593149734,0.10794567275922322
permutation,2,channel,gravity_x,0.7969298245614036,0.7930555555555556,0.0038742690058479745,0.7916666666666666,0.7916666666666666,0.0,2,0.0038742690058479745,0.023283630577716048
permutation,2,channel,gravity_x,0.7969298245614036,0.8326797385620915,-0.03574991400068794,0.7916666666666666,0.8333333333333334,-0.04166666666666674,3,0.0,0.0
permutation,2,channel,gravity_x,0.7969298245614036,0.8326797385620915,-0.03574991400068794,0.7916666666666666,0.8333333333333334,-0.04166666666666674,4,0.0,0.0
permutation,2,channel,gravity_y,0.7969298245614036,0.8150326797385622,-0.018102855177158594,0.7916666666666666,0.8125,-0.02083333333333337,0,0.0,0.0
permutation,2,channel,gravity_y,0.7969298245614036,0.7789682539682539,0.017961570593149734,0.7916666666666666,0.7708333333333334,0.02083333333333326,1,0.017961570593149734,0.10794567275922322
permutation,2,channel,gravity_y,0.7969298245614036,0.7969298245614036,0.0,0.7916666666666666,0.7916666666666666,0.0,2,0.0,0.0
permutation,2,channel,gravity_y,0.7969298245614036,0.8150326797385622,-0.018102855177158594,0.7916666666666666,0.8125,-0.02083333333333337,3,0.0,0.0
permutation,2,channel,gravity_y,0.7969298245614036,0.7789682539682539,0.017961570593149734,0.7916666666666666,0.7708333333333334,0.02083333333333326,4,0.017961570593149734,0.10794567275922322
permutation,2,channel,gravity_z,0.7969298245614036,0.7789682539682539,0.017961570593149734,0.7916666666666666,0.7708333333333334,0.02083333333333326,0,0.017961570593149734,0.10794567275922322
permutation,2,channel,gravity_z,0.7969298245614036,0.7969298245614036,0.0,0.7916666666666666,0.7916666666666666,0.0,1,0.0,0.0
permutation,2,channel,gravity_z,0.7969298245614036,0.7930555555555556,0.0038742690058479745,0.7916666666666666,0.7916666666666666,0.0,2,0.0038742690058479745,0.023283630577716048
permutation,2,channel,gravity_z,0.7969298245614036,0.7969298245614036,0.0,0.7916666666666666,0.7916666666666666,0.0,3,0.0,0.0
permutation,2,channel,gravity_z,0.7969298245614036,0.7747076023391813,0.022222222222222254,0.7916666666666666,0.7708333333333334,0.02083333333333326,4,0.022222222222222254,0.13355139048350284
permutation,2,channel,gyros_x,0.7969298245614036,0.8150326797385622,-0.018102855177158594,0.7916666666666666,0.8125,-0.02083333333333337,0,0.0,0.0
permutation,2,channel,gyros_x,0.7969298245614036,0.8150326797385622,-0.018102855177158594,0.7916666666666666,0.8125,-0.02083333333333337,1,0.0,0.0
permutation,2,channel,gyros_x,0.7969298245614036,0.8150326797385622,-0.018102855177158594,0.7916666666666666,0.8125,-0.02083333333333337,2,0.0,0.0
permutation,2,channel,gyros_x,0.7969298245614036,0.8150326797385622,-0.018102855177158594,0.7916666666666666,0.8125,-0.02083333333333337,3,0.0,0.0
permutation,2,channel,gyros_x,0.7969298245614036,0.7969298245614036,0.0,0.7916666666666666,0.7916666666666666,0.0,4,0.0,0.0
permutation,2,channel,gyros_y,0.7969298245614036,0.7756996658312448,0.021230158730158766,0.7916666666666666,0.7708333333333334,0.02083333333333326,0,0.021230158730158766,0.12758927483691793
permutation,2,channel,gyros_y,0.7969298245614036,0.7969298245614036,0.0,0.7916666666666666,0.7916666666666666,0.0,1,0.0,0.0
permutation,2,channel,gyros_y,0.7969298245614036,0.7969298245614036,0.0,0.7916666666666666,0.7916666666666666,0.0,2,0.0,0.0
permutation,2,channel,gyros_y,0.7969298245614036,0.7756996658312448,0.021230158730158766,0.7916666666666666,0.7708333333333334,0.02083333333333326,3,0.021230158730158766,0.12758927483691793
permutation,2,channel,gyros_y,0.7969298245614036,0.7756996658312448,0.021230158730158766,0.7916666666666666,0.7708333333333334,0.02083333333333326,4,0.021230158730158766,0.12758927483691793
permutation,2,channel,gyros_z,0.7969298245614036,0.7969298245614036,0.0,0.7916666666666666,0.7916666666666666,0.0,0,0.0,0.0
permutation,2,channel,gyros_z,0.7969298245614036,0.7969298245614036,0.0,0.7916666666666666,0.7916666666666666,0.0,1,0.0,0.0
permutation,2,channel,gyros_z,0.7969298245614036,0.7969298245614036,0.0,0.7916666666666666,0.7916666666666666,0.0,2,0.0,0.0
permutation,2,channel,gyros_z,0.7969298245614036,0.7969298245614036,0.0,0.7916666666666666,0.7916666666666666,0.0,3,0.0,0.0
permutation,2,channel,gyros_z,0.7969298245614036,0.7969298245614036,0.0,0.7916666666666666,0.7916666666666666,0.0,4,0.0,0.0
permutation,2,channel,lin_accel_x,0.7969298245614036,0.7969298245614036,0.0,0.7916666666666666,0.7916666666666666,0.0,0,0.0,0.0
permutation,2,channel,lin_accel_x,0.7969298245614036,0.7969298245614036,0.0,0.7916666666666666,0.7916666666666666,0.0,1,0.0,0.0
permutation,2,channel,lin_accel_x,0.7969298245614036,0.7969298245614036,0.0,0.7916666666666666,0.7916666666666666,0.0,2,0.0,0.0
permutation,2,channel,lin_accel_x,0.7969298245614036,0.7969298245614036,0.0,0.7916666666666666,0.7916666666666666,0.0,3,0.0,0.0
permutation,2,channel,lin_accel_x,0.7969298245614036,0.8150326797385622,-0.018102855177158594,0.7916666666666666,0.8125,-0.02083333333333337,4,0.0,0.0
permutation,2,channel,lin_accel_y,0.7969298245614036,0.7969298245614036,0.0,0.7916666666666666,0.7916666666666666,0.0,0,0.0,0.0
permutation,2,channel,lin_accel_y,0.7969298245614036,0.7969298245614036,0.0,0.7916666666666666,0.7916666666666666,0.0,1,0.0,0.0
permutation,2,channel,lin_accel_y,0.7969298245614036,0.7969298245614036,0.0,0.7916666666666666,0.7916666666666666,0.0,2,0.0,0.0
permutation,2,channel,lin_accel_y,0.7969298245614036,0.7969298245614036,0.0,0.7916666666666666,0.7916666666666666,0.0,3,0.0,0.0
permutation,2,channel,lin_accel_y,0.7969298245614036,0.7969298245614036,0.0,0.7916666666666666,0.7916666666666666,0.0,4,0.0,0.0
permutation,2,channel,lin_accel_z,0.7969298245614036,0.7969298245614036,0.0,0.7916666666666666,0.7916666666666666,0.0,0,0.0,0.0
permutation,2,channel,lin_accel_z,0.7969298245614036,0.8150326797385622,-0.018102855177158594,0.7916666666666666,0.8125,-0.02083333333333337,1,0.0,0.0
permutation,2,channel,lin_accel_z,0.7969298245614036,0.8150326797385622,-0.018102855177158594,0.7916666666666666,0.8125,-0.02083333333333337,2,0.0,0.0
permutation,2,channel,lin_accel_z,0.7969298245614036,0.8150326797385622,-0.018102855177158594,0.7916666666666666,0.8125,-0.02083333333333337,3,0.0,0.0
permutation,2,channel,lin_accel_z,0.7969298245614036,0.8150326797385622,-0.018102855177158594,0.7916666666666666,0.8125,-0.02083333333333337,4,0.0,0.0
permutation,2,channel,magn_field_x,0.7969298245614036,0.8150326797385622,-0.018102855177158594,0.7916666666666666,0.8125,-0.02083333333333337,0,0.0,0.0
permutation,2,channel,magn_field_x,0.7969298245614036,0.7969298245614036,0.0,0.7916666666666666,0.7916666666666666,0.0,1,0.0,0.0
permutation,2,channel,magn_field_x,0.7969298245614036,0.7969298245614036,0.0,0.7916666666666666,0.7916666666666666,0.0,2,0.0,0.0
permutation,2,channel,magn_field_x,0.7969298245614036,0.8150326797385622,-0.018102855177158594,0.7916666666666666,0.8125,-0.02083333333333337,3,0.0,0.0
permutation,2,channel,magn_field_x,0.7969298245614036,0.8150326797385622,-0.018102855177158594,0.7916666666666666,0.8125,-0.02083333333333337,4,0.0,0.0
permutation,2,channel,magn_field_y,0.7969298245614036,0.7969298245614036,0.0,0.7916666666666666,0.7916666666666666,0.0,0,0.0,0.0
permutation,2,channel,magn_field_y,0.7969298245614036,0.8150326797385622,-0.018102855177158594,0.7916666666666666,0.8125,-0.02083333333333337,1,0.0,0.0
permutation,2,channel,magn_field_y,0.7969298245614036,0.7969298245614036,0.0,0.7916666666666666,0.7916666666666666,0.0,2,0.0,0.0
permutation,2,channel,magn_field_y,0.7969298245614036,0.7969298245614036,0.0,0.7916666666666666,0.7916666666666666,0.0,3,0.0,0.0
permutation,2,channel,magn_field_y,0.7969298245614036,0.7969298245614036,0.0,0.7916666666666666,0.7916666666666666,0.0,4,0.0,0.0
permutation,2,channel,magn_field_z,0.7969298245614036,0.7969298245614036,0.0,0.7916666666666666,0.7916666666666666,0.0,0,0.0,0.0
permutation,2,channel,magn_field_z,0.7969298245614036,0.7969298245614036,0.0,0.7916666666666666,0.7916666666666666,0.0,1,0.0,0.0
permutation,2,channel,magn_field_z,0.7969298245614036,0.7969298245614036,0.0,0.7916666666666666,0.7916666666666666,0.0,2,0.0,0.0
permutation,2,channel,magn_field_z,0.7969298245614036,0.7969298245614036,0.0,0.7916666666666666,0.7916666666666666,0.0,3,0.0,0.0
permutation,2,channel,magn_field_z,0.7969298245614036,0.7969298245614036,0.0,0.7916666666666666,0.7916666666666666,0.0,4,0.0,0.0
permutation,3,sensor_family,accelerometer,0.8454592363261094,0.8454592363261094,0.0,0.8541666666666666,0.8541666666666666,0.0,0,0.0,0.0
permutation,3,sensor_family,accelerometer,0.8454592363261094,0.8240740740740741,0.02138516225203535,0.8541666666666666,0.8333333333333334,0.02083333333333326,1,0.02138516225203535,0.03990905070102624
permutation,3,sensor_family,accelerometer,0.8454592363261094,0.8220211161387633,0.023438120187346145,0.8541666666666666,0.8333333333333334,0.02083333333333326,2,0.023438120187346145,0.04374028664685568
permutation,3,sensor_family,accelerometer,0.8454592363261094,0.8666666666666667,-0.021207430340557276,0.8541666666666666,0.875,-0.02083333333333337,3,0.0,0.0
permutation,3,sensor_family,accelerometer,0.8454592363261094,0.8229847494553377,0.022474486870771693,0.8541666666666666,0.8333333333333334,0.02083333333333326,4,0.022474486870771693,0.04194195140697656
permutation,3,sensor_family,game_rot_vec,0.8454592363261094,0.8229847494553377,0.022474486870771693,0.8541666666666666,0.8333333333333334,0.02083333333333326,0,0.022474486870771693,0.04194195140697656
permutation,3,sensor_family,game_rot_vec,0.8454592363261094,0.8197167755991286,0.02574246072698083,0.8541666666666666,0.8333333333333334,0.02083333333333326,1,0.02574246072698083,0.048040653524827726
permutation,3,sensor_family,game_rot_vec,0.8454592363261094,0.8425925925925926,0.0028666437335168604,0.8541666666666666,0.8541666666666666,0.0,2,0.0028666437335168604,0.005349738699869576
permutation,3,sensor_family,game_rot_vec,0.8454592363261094,0.8174688057040997,0.027990430622009677,0.8541666666666666,0.8333333333333334,0.02083333333333326,3,0.027990430622009677,0.05223582134528923
permutation,3,sensor_family,game_rot_vec,0.8454592363261094,0.7953841823810864,0.050075053945022985,0.8541666666666666,0.8125,0.04166666666666663,4,0.050075053945022985,0.09345020828908336
permutation,3,sensor_family,gravity,0.8454592363261094,0.8470816464237517,-0.0016224100976423017,0.8541666666666666,0.8541666666666666,0.0,0,0.0,0.0
permutation,3,sensor_family,gravity,0.8454592363261094,0.806060606060606,0.03939863026550339,0.8541666666666666,0.8333333333333334,0.02083333333333326,1,0.03939863026550339,0.07352583601124237
permutation,3,sensor_family,gravity,0.8454592363261094,0.7418529985093452,0.10360623781676426,0.8541666666666666,0.7708333333333334,0.08333333333333326,2,0.10360623781676426,0.1933502560906823
permutation,3,sensor_family,gravity,0.8454592363261094,0.8229847494553377,0.022474486870771693,0.8541666666666666,0.8333333333333334,0.02083333333333326,3,0.022474486870771693,0.04194195140697656
permutation,3,sensor_family,gravity,0.8454592363261094,0.8171296296296297,0.02832960669647977,0.8541666666666666,0.8333333333333334,0.02083333333333326,4,0.02832960669647977,0.052868792701459964
permutation,3,sensor_family,gyros,0.8454592363261094,0.8920377867746289,-0.04657855044851944,0.8541666666666666,0.8958333333333334,-0.04166666666666674,0,0.0,0.0
permutation,3,sensor_family,gyros,0.8454592363261094,0.791542879778174,0.05391635654793547,0.8541666666666666,0.8125,0.04166666666666663,1,0.05391635654793547,0.1006188581469084
permutation,3,sensor_family,gyros,0.8454592363261094,0.8454592363261094,0.0,0.8541666666666666,0.8541666666666666,0.0,2,0.0,0.0
permutation,3,sensor_family,gyros,0.8454592363261094,0.8454592363261094,0.0,0.8541666666666666,0.8541666666666666,0.0,3,0.0,0.0
permutation,3,sensor_family,gyros,0.8454592363261094,0.8666666666666667,-0.021207430340557276,0.8541666666666666,0.875,-0.02083333333333337,4,0.0,0.0
permutation,3,sensor_family,lin_accel,0.8454592363261094,0.8229847494553377,0.022474486870771693,0.8541666666666666,0.8333333333333334,0.02083333333333326,0,0.022474486870771693,0.04194195140697656
permutation,3,sensor_family,lin_accel,0.8454592363261094,0.8454592363261094,0.0,0.8541666666666666,0.8541666666666666,0.0,1,0.0,0.0
permutation,3,sensor_family,lin_accel,0.8454592363261094,0.8240740740740741,0.02138516225203535,0.8541666666666666,0.8333333333333334,0.02083333333333326,2,0.02138516225203535,0.03990905070102624
permutation,3,sensor_family,lin_accel,0.8454592363261094,0.8454592363261094,0.0,0.8541666666666666,0.8541666666666666,0.0,3,0.0,0.0
permutation,3,sensor_family,lin_accel,0.8454592363261094,0.8415032679738562,0.003955968352253203,0.8541666666666666,0.8541666666666666,0.0,4,0.003955968352253203,0.007382639405819896
permutation,3,sensor_family,magn_field,0.8454592363261094,0.8229847494553377,0.022474486870771693,0.8541666666666666,0.8333333333333334,0.02083333333333326,0,0.022474486870771693,0.04194195140697656
permutation,3,sensor_family,magn_field,0.8454592363261094,0.8666666666666667,-0.021207430340557276,0.8541666666666666,0.875,-0.02083333333333337,1,0.0,0.0
permutation,3,sensor_family,magn_field,0.8454592363261094,0.8666666666666667,-0.021207430340557276,0.8541666666666666,0.875,-0.02083333333333337,2,0.0,0.0
permutation,3,sensor_family,magn_field,0.8454592363261094,0.8705379587732529,-0.025078722447143487,0.8541666666666666,0.875,-0.02083333333333337,3,0.0,0.0
permutation,3,sensor_family,magn_field,0.8454592363261094,0.8240740740740741,0.02138516225203535,0.8541666666666666,0.8333333333333334,0.02083333333333326,4,0.02138516225203535,0.03990905070102624
permutation,3,channel,accelerometer_x,0.8454592363261094,0.8454592363261094,0.0,0.8541666666666666,0.8541666666666666,0.0,0,0.0,0.0
permutation,3,channel,accelerometer_x,0.8454592363261094,0.8454592363261094,0.0,0.8541666666666666,0.8541666666666666,0.0,1,0.0,0.0
permutation,3,channel,accelerometer_x,0.8454592363261094,0.8229847494553377,0.022474486870771693,0.8541666666666666,0.8333333333333334,0.02083333333333326,2,0.022474486870771693,0.02528705973422784
permutation,3,channel,accelerometer_x,0.8454592363261094,0.8229847494553377,0.022474486870771693,0.8541666666666666,0.8333333333333334,0.02083333333333326,3,0.022474486870771693,0.02528705973422784
permutation,3,channel,accelerometer_x,0.8454592363261094,0.8229847494553377,0.022474486870771693,0.8541666666666666,0.8333333333333334,0.02083333333333326,4,0.022474486870771693,0.02528705973422784
permutation,3,channel,accelerometer_y,0.8454592363261094,0.8454592363261094,0.0,0.8541666666666666,0.8541666666666666,0.0,0,0.0,0.0
permutation,3,channel,accelerometer_y,0.8454592363261094,0.8454592363261094,0.0,0.8541666666666666,0.8541666666666666,0.0,1,0.0,0.0
permutation,3,channel,accelerometer_y,0.8454592363261094,0.8229847494553377,0.022474486870771693,0.8541666666666666,0.8333333333333334,0.02083333333333326,2,0.022474486870771693,0.02528705973422784
permutation,3,channel,accelerometer_y,0.8454592363261094,0.8229847494553377,0.022474486870771693,0.8541666666666666,0.8333333333333334,0.02083333333333326,3,0.022474486870771693,0.02528705973422784
permutation,3,channel,accelerometer_y,0.8454592363261094,0.8454592363261094,0.0,0.8541666666666666,0.8541666666666666,0.0,4,0.0,0.0
permutation,3,channel,accelerometer_z,0.8454592363261094,0.8229847494553377,0.022474486870771693,0.8541666666666666,0.8333333333333334,0.02083333333333326,0,0.022474486870771693,0.02528705973422784
permutation,3,channel,accelerometer_z,0.8454592363261094,0.8454592363261094,0.0,0.8541666666666666,0.8541666666666666,0.0,1,0.0,0.0
permutation,3,channel,accelerometer_z,0.8454592363261094,0.8454592363261094,0.0,0.8541666666666666,0.8541666666666666,0.0,2,0.0,0.0
permutation,3,channel,accelerometer_z,0.8454592363261094,0.8229847494553377,0.022474486870771693,0.8541666666666666,0.8333333333333334,0.02083333333333326,3,0.022474486870771693,0.02528705973422784
permutation,3,channel,accelerometer_z,0.8454592363261094,0.8229847494553377,0.022474486870771693,0.8541666666666666,0.8333333333333334,0.02083333333333326,4,0.022474486870771693,0.02528705973422784
permutation,3,channel,game_rot_vec_x,0.8454592363261094,0.8454592363261094,0.0,0.8541666666666666,0.8541666666666666,0.0,0,0.0,0.0
permutation,3,channel,game_rot_vec_x,0.8454592363261094,0.8240740740740741,0.02138516225203535,0.8541666666666666,0.8333333333333334,0.02083333333333326,1,0.02138516225203535,0.024061411430783167
permutation,3,channel,game_rot_vec_x,0.8454592363261094,0.8229847494553377,0.022474486870771693,0.8541666666666666,0.8333333333333334,0.02083333333333326,2,0.022474486870771693,0.02528705973422784
permutation,3,channel,game_rot_vec_x,0.8454592363261094,0.8240740740740741,0.02138516225203535,0.8541666666666666,0.8333333333333334,0.02083333333333326,3,0.02138516225203535,0.024061411430783167
permutation,3,channel,game_rot_vec_x,0.8454592363261094,0.8454592363261094,0.0,0.8541666666666666,0.8541666666666666,0.0,4,0.0,0.0
permutation,3,channel,game_rot_vec_y,0.8454592363261094,0.8454592363261094,0.0,0.8541666666666666,0.8541666666666666,0.0,0,0.0,0.0
permutation,3,channel,game_rot_vec_y,0.8454592363261094,0.8229847494553377,0.022474486870771693,0.8541666666666666,0.8333333333333334,0.02083333333333326,1,0.022474486870771693,0.02528705973422784
permutation,3,channel,game_rot_vec_y,0.8454592363261094,0.8229847494553377,0.022474486870771693,0.8541666666666666,0.8333333333333334,0.02083333333333326,2,0.022474486870771693,0.02528705973422784
permutation,3,channel,game_rot_vec_y,0.8454592363261094,0.8454592363261094,0.0,0.8541666666666666,0.8541666666666666,0.0,3,0.0,0.0
permutation,3,channel,game_rot_vec_y,0.8454592363261094,0.8229847494553377,0.022474486870771693,0.8541666666666666,0.8333333333333334,0.02083333333333326,4,0.022474486870771693,0.02528705973422784
permutation,3,channel,game_rot_vec_z,0.8454592363261094,0.8454592363261094,0.0,0.8541666666666666,0.8541666666666666,0.0,0,0.0,0.0
permutation,3,channel,game_rot_vec_z,0.8454592363261094,0.8454592363261094,0.0,0.8541666666666666,0.8541666666666666,0.0,1,0.0,0.0
permutation,3,channel,game_rot_vec_z,0.8454592363261094,0.8229847494553377,0.022474486870771693,0.8541666666666666,0.8333333333333334,0.02083333333333326,2,0.022474486870771693,0.02528705973422784
permutation,3,channel,game_rot_vec_z,0.8454592363261094,0.8454592363261094,0.0,0.8541666666666666,0.8541666666666666,0.0,3,0.0,0.0
permutation,3,channel,game_rot_vec_z,0.8454592363261094,0.8454592363261094,0.0,0.8541666666666666,0.8541666666666666,0.0,4,0.0,0.0
permutation,3,channel,gravity_x,0.8454592363261094,0.8229847494553377,0.022474486870771693,0.8541666666666666,0.8333333333333334,0.02083333333333326,0,0.022474486870771693,0.02528705973422784
permutation,3,channel,gravity_x,0.8454592363261094,0.8672699849170438,-0.021810748590934348,0.8541666666666666,0.875,-0.02083333333333337,1,0.0,0.0
permutation,3,channel,gravity_x,0.8454592363261094,0.8229847494553377,0.022474486870771693,0.8541666666666666,0.8333333333333334,0.02083333333333326,2,0.022474486870771693,0.02528705973422784
permutation,3,channel,gravity_x,0.8454592363261094,0.8415032679738562,0.003955968352253203,0.8541666666666666,0.8541666666666666,0.0,3,0.003955968352253203,0.00445103857566768
permutation,3,channel,gravity_x,0.8454592363261094,0.8454592363261094,0.0,0.8541666666666666,0.8541666666666666,0.0,4,0.0,0.0
permutation,3,channel,gravity_y,0.8454592363261094,0.8229847494553377,0.022474486870771693,0.8541666666666666,0.8333333333333334,0.02083333333333326,0,0.022474486870771693,0.02528705973422784
permutation,3,channel,gravity_y,0.8454592363261094,0.8229847494553377,0.022474486870771693,0.8541666666666666,0.8333333333333334,0.02083333333333326,1,0.022474486870771693,0.02528705973422784
permutation,3,channel,gravity_y,0.8454592363261094,0.8454592363261094,0.0,0.8541666666666666,0.8541666666666666,0.0,2,0.0,0.0
permutation,3,channel,gravity_y,0.8454592363261094,0.8229847494553377,0.022474486870771693,0.8541666666666666,0.8333333333333334,0.02083333333333326,3,0.022474486870771693,0.02528705973422784
permutation,3,channel,gravity_y,0.8454592363261094,0.8454592363261094,0.0,0.8541666666666666,0.8541666666666666,0.0,4,0.0,0.0
permutation,3,channel,gravity_z,0.8454592363261094,0.8197167755991286,0.02574246072698083,0.8541666666666666,0.8333333333333334,0.02083333333333326,0,0.02574246072698083,0.028964004644561978
permutation,3,channel,gravity_z,0.8454592363261094,0.8454592363261094,0.0,0.8541666666666666,0.8541666666666666,0.0,1,0.0,0.0
permutation,3,channel,gravity_z,0.8454592363261094,0.8454592363261094,0.0,0.8541666666666666,0.8541666666666666,0.0,2,0.0,0.0
permutation,3,channel,gravity_z,0.8454592363261094,0.8454592363261094,0.0,0.8541666666666666,0.8541666666666666,0.0,3,0.0,0.0
permutation,3,channel,gravity_z,0.8454592363261094,0.8229847494553377,0.022474486870771693,0.8541666666666666,0.8333333333333334,0.02083333333333326,4,0.022474486870771693,0.02528705973422784
permutation,3,channel,gyros_x,0.8454592363261094,0.8415032679738562,0.003955968352253203,0.8541666666666666,0.8541666666666666,0.0,0,0.003955968352253203,0.00445103857566768
permutation,3,channel,gyros_x,0.8454592363261094,0.8454592363261094,0.0,0.8541666666666666,0.8541666666666666,0.0,1,0.0,0.0
permutation,3,channel,gyros_x,0.8454592363261094,0.8197167755991286,0.02574246072698083,0.8541666666666666,0.8333333333333334,0.02083333333333326,2,0.02574246072698083,0.028964004644561978
permutation,3,channel,gyros_x,0.8454592363261094,0.8229847494553377,0.022474486870771693,0.8541666666666666,0.8333333333333334,0.02083333333333326,3,0.022474486870771693,0.02528705973422784
permutation,3,channel,gyros_x,0.8454592363261094,0.8454592363261094,0.0,0.8541666666666666,0.8541666666666666,0.0,4,0.0,0.0
permutation,3,channel,gyros_y,0.8454592363261094,0.8454592363261094,0.0,0.8541666666666666,0.8541666666666666,0.0,0,0.0,0.0
permutation,3,channel,gyros_y,0.8454592363261094,0.8454592363261094,0.0,0.8541666666666666,0.8541666666666666,0.0,1,0.0,0.0
permutation,3,channel,gyros_y,0.8454592363261094,0.8454592363261094,0.0,0.8541666666666666,0.8541666666666666,0.0,2,0.0,0.0
permutation,3,channel,gyros_y,0.8454592363261094,0.8454592363261094,0.0,0.8541666666666666,0.8541666666666666,0.0,3,0.0,0.0
permutation,3,channel,gyros_y,0.8454592363261094,0.8454592363261094,0.0,0.8541666666666666,0.8541666666666666,0.0,4,0.0,0.0
permutation,3,channel,gyros_z,0.8454592363261094,0.8666666666666667,-0.021207430340557276,0.8541666666666666,0.875,-0.02083333333333337,0,0.0,0.0
permutation,3,channel,gyros_z,0.8454592363261094,0.8229847494553377,0.022474486870771693,0.8541666666666666,0.8333333333333334,0.02083333333333326,1,0.022474486870771693,0.02528705973422784
permutation,3,channel,gyros_z,0.8454592363261094,0.8229847494553377,0.022474486870771693,0.8541666666666666,0.8333333333333334,0.02083333333333326,2,0.022474486870771693,0.02528705973422784
permutation,3,channel,gyros_z,0.8454592363261094,0.8454592363261094,0.0,0.8541666666666666,0.8541666666666666,0.0,3,0.0,0.0
permutation,3,channel,gyros_z,0.8454592363261094,0.8454592363261094,0.0,0.8541666666666666,0.8541666666666666,0.0,4,0.0,0.0
permutation,3,channel,lin_accel_x,0.8454592363261094,0.8229847494553377,0.022474486870771693,0.8541666666666666,0.8333333333333334,0.02083333333333326,0,0.022474486870771693,0.02528705973422784
permutation,3,channel,lin_accel_x,0.8454592363261094,0.8229847494553377,0.022474486870771693,0.8541666666666666,0.8333333333333334,0.02083333333333326,1,0.022474486870771693,0.02528705973422784
permutation,3,channel,lin_accel_x,0.8454592363261094,0.8229847494553377,0.022474486870771693,0.8541666666666666,0.8333333333333334,0.02083333333333326,2,0.022474486870771693,0.02528705973422784
permutation,3,channel,lin_accel_x,0.8454592363261094,0.8229847494553377,0.022474486870771693,0.8541666666666666,0.8333333333333334,0.02083333333333326,3,0.022474486870771693,0.02528705973422784
permutation,3,channel,lin_accel_x,0.8454592363261094,0.8229847494553377,0.022474486870771693,0.8541666666666666,0.8333333333333334,0.02083333333333326,4,0.022474486870771693,0.02528705973422784
permutation,3,channel,lin_accel_y,0.8454592363261094,0.8229847494553377,0.022474486870771693,0.8541666666666666,0.8333333333333334,0.02083333333333326,0,0.022474486870771693,0.02528705973422784
permutation,3,channel,lin_accel_y,0.8454592363261094,0.8229847494553377,0.022474486870771693,0.8541666666666666,0.8333333333333334,0.02083333333333326,1,0.022474486870771693,0.02528705973422784
permutation,3,channel,lin_accel_y,0.8454592363261094,0.8454592363261094,0.0,0.8541666666666666,0.8541666666666666,0.0,2,0.0,0.0
permutation,3,channel,lin_accel_y,0.8454592363261094,0.8454592363261094,0.0,0.8541666666666666,0.8541666666666666,0.0,3,0.0,0.0
permutation,3,channel,lin_accel_y,0.8454592363261094,0.8229847494553377,0.022474486870771693,0.8541666666666666,0.8333333333333334,0.02083333333333326,4,0.022474486870771693,0.02528705973422784
permutation,3,channel,lin_accel_z,0.8454592363261094,0.8666666666666667,-0.021207430340557276,0.8541666666666666,0.875,-0.02083333333333337,0,0.0,0.0
permutation,3,channel,lin_accel_z,0.8454592363261094,0.8229847494553377,0.022474486870771693,0.8541666666666666,0.8333333333333334,0.02083333333333326,1,0.022474486870771693,0.02528705973422784
permutation,3,channel,lin_accel_z,0.8454592363261094,0.8454592363261094,0.0,0.8541666666666666,0.8541666666666666,0.0,2,0.0,0.0
permutation,3,channel,lin_accel_z,0.8454592363261094,0.8229847494553377,0.022474486870771693,0.8541666666666666,0.8333333333333334,0.02083333333333326,3,0.022474486870771693,0.02528705973422784
permutation,3,channel,lin_accel_z,0.8454592363261094,0.8454592363261094,0.0,0.8541666666666666,0.8541666666666666,0.0,4,0.0,0.0
permutation,3,channel,magn_field_x,0.8454592363261094,0.8454592363261094,0.0,0.8541666666666666,0.8541666666666666,0.0,0,0.0,0.0
permutation,3,channel,magn_field_x,0.8454592363261094,0.8454592363261094,0.0,0.8541666666666666,0.8541666666666666,0.0,1,0.0,0.0
permutation,3,channel,magn_field_x,0.8454592363261094,0.8454592363261094,0.0,0.8541666666666666,0.8541666666666666,0.0,2,0.0,0.0
permutation,3,channel,magn_field_x,0.8454592363261094,0.8454592363261094,0.0,0.8541666666666666,0.8541666666666666,0.0,3,0.0,0.0
permutation,3,channel,magn_field_x,0.8454592363261094,0.8454592363261094,0.0,0.8541666666666666,0.8541666666666666,0.0,4,0.0,0.0
permutation,3,channel,magn_field_y,0.8454592363261094,0.8454592363261094,0.0,0.8541666666666666,0.8541666666666666,0.0,0,0.0,0.0
permutation,3,channel,magn_field_y,0.8454592363261094,0.8666666666666667,-0.021207430340557276,0.8541666666666666,0.875,-0.02083333333333337,1,0.0,0.0
permutation,3,channel,magn_field_y,0.8454592363261094,0.8229847494553377,0.022474486870771693,0.8541666666666666,0.8333333333333334,0.02083333333333326,2,0.022474486870771693,0.02528705973422784
permutation,3,channel,magn_field_y,0.8454592363261094,0.8454592363261094,0.0,0.8541666666666666,0.8541666666666666,0.0,3,0.0,0.0
permutation,3,channel,magn_field_y,0.8454592363261094,0.8229847494553377,0.022474486870771693,0.8541666666666666,0.8333333333333334,0.02083333333333326,4,0.022474486870771693,0.02528705973422784
permutation,3,channel,magn_field_z,0.8454592363261094,0.8454592363261094,0.0,0.8541666666666666,0.8541666666666666,0.0,0,0.0,0.0
permutation,3,channel,magn_field_z,0.8454592363261094,0.8454592363261094,0.0,0.8541666666666666,0.8541666666666666,0.0,1,0.0,0.0
permutation,3,channel,magn_field_z,0.8454592363261094,0.8454592363261094,0.0,0.8541666666666666,0.8541666666666666,0.0,2,0.0,0.0
permutation,3,channel,magn_field_z,0.8454592363261094,0.8454592363261094,0.0,0.8541666666666666,0.8541666666666666,0.0,3,0.0,0.0
permutation,3,channel,magn_field_z,0.8454592363261094,0.8229847494553377,0.022474486870771693,0.8541666666666666,0.8333333333333334,0.02083333333333326,4,0.022474486870771693,0.02528705973422784
permutation,4,sensor_family,accelerometer,0.8970969089390142,0.8963157485216309,0.0007811604173832976,0.8958333333333334,0.8958333333333334,0.0,0,0.0007811604173832976,0.00171407453402275
permutation,4,sensor_family,accelerometer,0.8970969089390142,0.8747549019607842,0.022342006978229967,0.8958333333333334,0.875,0.02083333333333337,1,0.022342006978229967,0.04902432886784591
permutation,4,sensor_family,accelerometer,0.8970969089390142,0.8777972300031123,0.0192996789359019,0.8958333333333334,0.875,0.02083333333333337,2,0.0192996789359019,0.04234864880847207
permutation,4,sensor_family,accelerometer,0.8970969089390142,0.9177287581699346,-0.02063184923092043,0.8958333333333334,0.9166666666666666,-0.02083333333333326,3,0.0,0.0
permutation,4,sensor_family,accelerometer,0.8970969089390142,0.8565203859321505,0.04057652300686365,0.8958333333333334,0.8541666666666666,0.04166666666666674,4,0.04057652300686365,0.08903572584774995
permutation,4,sensor_family,game_rot_vec,0.8970969089390142,0.8953081232492996,0.0017887856897145227,0.8958333333333334,0.8958333333333334,0.0,0,0.0017887856897145227,0.003925073428367931
permutation,4,sensor_family,game_rot_vec,0.8970969089390142,0.8725062247121071,0.024590684226907022,0.8958333333333334,0.875,0.02083333333333337,1,0.024590684226907022,0.05395852717260003
permutation,4,sensor_family,game_rot_vec,0.8970969089390142,0.8970969089390142,0.0,0.8958333333333334,0.8958333333333334,0.0,2,0.0,0.0
permutation,4,sensor_family,game_rot_vec,0.8970969089390142,0.8970969089390142,0.0,0.8958333333333334,0.8958333333333334,0.0,3,0.0,0.0
permutation,4,sensor_family,game_rot_vec,0.8970969089390142,0.8970969089390142,0.0,0.8958333333333334,0.8958333333333334,0.0,4,0.0,0.0
permutation,4,sensor_family,gravity,0.8970969089390142,0.9177287581699347,-0.02063184923092054,0.8958333333333334,0.9166666666666666,-0.02083333333333326,0,0.0,0.0
permutation,4,sensor_family,gravity,0.8970969089390142,0.8581893868658574,0.03890752207315673,0.8958333333333334,0.8541666666666666,0.04166666666666674,1,0.03890752207315673,0.08537349215788866
permutation,4,sensor_family,gravity,0.8970969089390142,0.8557734204793029,0.04132348845971123,0.8958333333333334,0.8541666666666666,0.04166666666666674,2,0.04132348845971123,0.0906747674991558
permutation,4,sensor_family,gravity,0.8970969089390142,0.9163398692810457,-0.019242960342031545,0.8958333333333334,0.9166666666666666,-0.02083333333333326,3,0.0,0.0
permutation,4,sensor_family,gravity,0.8970969089390142,0.85557500778089,0.04152190115812415,0.8958333333333334,0.8541666666666666,0.04166666666666674,4,0.04152190115812415,0.0911101379378111
permutation,4,sensor_family,gyros,0.8970969089390142,0.897295321637427,-0.00019841269841280873,0.8958333333333334,0.8958333333333334,0.0,0,0.0,0.0
permutation,4,sensor_family,gyros,0.8970969089390142,0.8526524644945698,0.0444444444444444,0.8958333333333334,0.8541666666666666,0.04166666666666674,1,0.0444444444444444,0.09752297825867783
permutation,4,sensor_family,gyros,0.8970969089390142,0.8969771241830066,0.00011978475600760152,0.8958333333333334,0.8958333333333334,0.0,2,0.00011978475600760152,0.0002628397385066332
permutation,4,sensor_family,gyros,0.8970969089390142,0.8542729372450735,0.0428239716939407,0.8958333333333334,0.8541666666666666,0.04166666666666674,3,0.0428239716939407,0.0939672283603144
permutation,4,sensor_family,gyros,0.8970969089390142,0.8951719576719577,0.001924951267056496,0.8958333333333334,0.8958333333333334,0.0,4,0.001924951267056496,0.004223857062738717
permutation,4,sensor_family,lin_accel,0.8970969089390142,0.8970969089390142,0.0,0.8958333333333334,0.8958333333333334,0.0,0,0.0,0.0
permutation,4,sensor_family,lin_accel,0.8970969089390142,0.8981209150326798,-0.001024006093665597,0.8958333333333334,0.8958333333333334,0.0,1,0.0,0.0
permutation,4,sensor_family,lin_accel,0.8970969089390142,0.8970969089390142,0.0,0.8958333333333334,0.8958333333333334,0.0,2,0.0,0.0
permutation,4,sensor_family,lin_accel,0.8970969089390142,0.852469834087481,0.044627074851533166,0.8958333333333334,0.8541666666666666,0.04166666666666674,3,0.044627074851533166,0.09792371813612538
permutation,4,sensor_family,lin_accel,0.8970969089390142,0.8528439153439153,0.04425299359509882,0.8958333333333334,0.8541666666666666,0.04166666666666674,4,0.04425299359509882,0.09710288397576532
permutation,4,sensor_family,magn_field,0.8970969089390142,0.8970969089390142,0.0,0.8958333333333334,0.8958333333333334,0.0,0,0.0,0.0
permutation,4,sensor_family,magn_field,0.8970969089390142,0.8943627450980393,0.0027341638409749125,0.8958333333333334,0.8958333333333334,0.0,1,0.0027341638409749125,0.005999485518428844
permutation,4,sensor_family,magn_field,0.8970969089390142,0.9175925925925926,-0.020495683653578456,0.8958333333333334,0.9166666666666666,-0.02083333333333326,2,0.0,0.0
permutation,4,sensor_family,magn_field,0.8970969089390142,0.8534229931288754,0.0436739158101388,0.8958333333333334,0.8541666666666666,0.04166666666666674,3,0.0436739158101388,0.09583223269552867
permutation,4,sensor_family,magn_field,0.8970969089390142,0.8981209150326798,-0.001024006093665597,0.8958333333333334,0.8958333333333334,0.0,4,0.0,0.0
permutation,4,channel,accelerometer_x,0.8970969089390142,0.9175925925925926,-0.020495683653578456,0.8958333333333334,0.9166666666666666,-0.02083333333333326,0,0.0,0.0
permutation,4,channel,accelerometer_x,0.8970969089390142,0.9175925925925926,-0.020495683653578456,0.8958333333333334,0.9166666666666666,-0.02083333333333326,1,0.0,0.0
permutation,4,channel,accelerometer_x,0.8970969089390142,0.9175925925925926,-0.020495683653578456,0.8958333333333334,0.9166666666666666,-0.02083333333333326,2,0.0,0.0
permutation,4,channel,accelerometer_x,0.8970969089390142,0.9175925925925926,-0.020495683653578456,0.8958333333333334,0.9166666666666666,-0.02083333333333326,3,0.0,0.0
permutation,4,channel,accelerometer_x,0.8970969089390142,0.9175925925925926,-0.020495683653578456,0.8958333333333334,0.9166666666666666,-0.02083333333333326,4,0.0,0.0
permutation,4,channel,accelerometer_y,0.8970969089390142,0.8970969089390142,0.0,0.8958333333333334,0.8958333333333334,0.0,0,0.0,0.0
permutation,4,channel,accelerometer_y,0.8970969089390142,0.8970969089390142,0.0,0.8958333333333334,0.8958333333333334,0.0,1,0.0,0.0
permutation,4,channel,accelerometer_y,0.8970969089390142,0.8970969089390142,0.0,0.8958333333333334,0.8958333333333334,0.0,2,0.0,0.0
permutation,4,channel,accelerometer_y,0.8970969089390142,0.9175925925925926,-0.020495683653578456,0.8958333333333334,0.9166666666666666,-0.02083333333333326,3,0.0,0.0
permutation,4,channel,accelerometer_y,0.8970969089390142,0.9175925925925926,-0.020495683653578456,0.8958333333333334,0.9166666666666666,-0.02083333333333326,4,0.0,0.0
permutation,4,channel,accelerometer_z,0.8970969089390142,0.8970969089390142,0.0,0.8958333333333334,0.8958333333333334,0.0,0,0.0,0.0
permutation,4,channel,accelerometer_z,0.8970969089390142,0.9175925925925926,-0.020495683653578456,0.8958333333333334,0.9166666666666666,-0.02083333333333326,1,0.0,0.0
permutation,4,channel,accelerometer_z,0.8970969089390142,0.9175925925925926,-0.020495683653578456,0.8958333333333334,0.9166666666666666,-0.02083333333333326,2,0.0,0.0
permutation,4,channel,accelerometer_z,0.8970969089390142,0.8777972300031123,0.0192996789359019,0.8958333333333334,0.875,0.02083333333333337,3,0.0192996789359019,0.1620243098282619
permutation,4,channel,accelerometer_z,0.8970969089390142,0.9175925925925926,-0.020495683653578456,0.8958333333333334,0.9166666666666666,-0.02083333333333326,4,0.0,0.0
permutation,4,channel,game_rot_vec_x,0.8970969089390142,0.9175925925925926,-0.020495683653578456,0.8958333333333334,0.9166666666666666,-0.02083333333333326,0,0.0,0.0
permutation,4,channel,game_rot_vec_x,0.8970969089390142,0.8970969089390142,0.0,0.8958333333333334,0.8958333333333334,0.0,1,0.0,0.0
permutation,4,channel,game_rot_vec_x,0.8970969089390142,0.9175925925925926,-0.020495683653578456,0.8958333333333334,0.9166666666666666,-0.02083333333333326,2,0.0,0.0
permutation,4,channel,game_rot_vec_x,0.8970969089390142,0.9175925925925926,-0.020495683653578456,0.8958333333333334,0.9166666666666666,-0.02083333333333326,3,0.0,0.0
permutation,4,channel,game_rot_vec_x,0.8970969089390142,0.9175925925925926,-0.020495683653578456,0.8958333333333334,0.9166666666666666,-0.02083333333333326,4,0.0,0.0
permutation,4,channel,game_rot_vec_y,0.8970969089390142,0.9175925925925926,-0.020495683653578456,0.8958333333333334,0.9166666666666666,-0.02083333333333326,0,0.0,0.0
permutation,4,channel,game_rot_vec_y,0.8970969089390142,0.8970969089390142,0.0,0.8958333333333334,0.8958333333333334,0.0,1,0.0,0.0
permutation,4,channel,game_rot_vec_y,0.8970969089390142,0.8727226720647773,0.0243742368742369,0.8958333333333334,0.875,0.02083333333333337,2,0.0243742368742369,0.2046261453496171
permutation,4,channel,game_rot_vec_y,0.8970969089390142,0.8970969089390142,0.0,0.8958333333333334,0.8958333333333334,0.0,3,0.0,0.0
permutation,4,channel,game_rot_vec_y,0.8970969089390142,0.8970969089390142,0.0,0.8958333333333334,0.8958333333333334,0.0,4,0.0,0.0
permutation,4,channel,game_rot_vec_z,0.8970969089390142,0.9175925925925926,-0.020495683653578456,0.8958333333333334,0.9166666666666666,-0.02083333333333326,0,0.0,0.0
permutation,4,channel,game_rot_vec_z,0.8970969089390142,0.8970969089390142,0.0,0.8958333333333334,0.8958333333333334,0.0,1,0.0,0.0
permutation,4,channel,game_rot_vec_z,0.8970969089390142,0.8970969089390142,0.0,0.8958333333333334,0.8958333333333334,0.0,2,0.0,0.0
permutation,4,channel,game_rot_vec_z,0.8970969089390142,0.9165849673202615,-0.019488058381247342,0.8958333333333334,0.9166666666666666,-0.02083333333333326,3,0.0,0.0
permutation,4,channel,game_rot_vec_z,0.8970969089390142,0.8953703703703705,0.0017265385686436874,0.8958333333333334,0.8958333333333334,0.0,4,0.0017265385686436874,0.014494604853554574
permutation,4,channel,gravity_x,0.8970969089390142,0.9175925925925926,-0.020495683653578456,0.8958333333333334,0.9166666666666666,-0.02083333333333326,0,0.0,0.0
permutation,4,channel,gravity_x,0.8970969089390142,0.9374183006535949,-0.04032139171458071,0.8958333333333334,0.9375,-0.04166666666666663,1,0.0,0.0
permutation,4,channel,gravity_x,0.8970969089390142,0.9175925925925926,-0.020495683653578456,0.8958333333333334,0.9166666666666666,-0.02083333333333326,2,0.0,0.0
permutation,4,channel,gravity_x,0.8970969089390142,0.9175925925925926,-0.020495683653578456,0.8958333333333334,0.9166666666666666,-0.02083333333333326,3,0.0,0.0
permutation,4,channel,gravity_x,0.8970969089390142,0.9374183006535949,-0.04032139171458071,0.8958333333333334,0.9375,-0.04166666666666663,4,0.0,0.0
permutation,4,channel,gravity_y,0.8970969089390142,0.8970969089390142,0.0,0.8958333333333334,0.8958333333333334,0.0,0,0.0,0.0
permutation,4,channel,gravity_y,0.8970969089390142,0.9175925925925926,-0.020495683653578456,0.8958333333333334,0.9166666666666666,-0.02083333333333326,1,0.0,0.0
permutation,4,channel,gravity_y,0.8970969089390142,0.8970969089390142,0.0,0.8958333333333334,0.8958333333333334,0.0,2,0.0,0.0
permutation,4,channel,gravity_y,0.8970969089390142,0.8727226720647773,0.0243742368742369,0.8958333333333334,0.875,0.02083333333333337,3,0.0243742368742369,0.2046261453496171
permutation,4,channel,gravity_y,0.8970969089390142,0.9175925925925926,-0.020495683653578456,0.8958333333333334,0.9166666666666666,-0.02083333333333326,4,0.0,0.0
permutation,4,channel,gravity_z,0.8970969089390142,0.8953081232492998,0.0017887856897144117,0.8958333333333334,0.8958333333333334,0.0,0,0.0017887856897144117,0.015017180740116029
permutation,4,channel,gravity_z,0.8970969089390142,0.9166666666666666,-0.01956975772765246,0.8958333333333334,0.9166666666666666,-0.02083333333333326,1,0.0,0.0
permutation,4,channel,gravity_z,0.8970969089390142,0.8969771241830066,0.00011978475600760152,0.8958333333333334,0.8958333333333334,0.0,2,0.00011978475600760152,0.0010056147817036948
permutation,4,channel,gravity_z,0.8970969089390142,0.9165849673202615,-0.019488058381247342,0.8958333333333334,0.9166666666666666,-0.02083333333333326,3,0.0,0.0
permutation,4,channel,gravity_z,0.8970969089390142,0.9175925925925926,-0.020495683653578456,0.8958333333333334,0.9166666666666666,-0.02083333333333326,4,0.0,0.0
permutation,4,channel,gyros_x,0.8970969089390142,0.9175925925925926,-0.020495683653578456,0.8958333333333334,0.9166666666666666,-0.02083333333333326,0,0.0,0.0
permutation,4,channel,gyros_x,0.8970969089390142,0.8740384615384614,0.02305844740055274,0.8958333333333334,0.875,0.02083333333333337,1,0.02305844740055274,0.19357985374751252
permutation,4,channel,gyros_x,0.8970969089390142,0.9175925925925926,-0.020495683653578456,0.8958333333333334,0.9166666666666666,-0.02083333333333326,2,0.0,0.0
permutation,4,channel,gyros_x,0.8970969089390142,0.9175925925925926,-0.020495683653578456,0.8958333333333334,0.9166666666666666,-0.02083333333333326,3,0.0,0.0
permutation,4,channel,gyros_x,0.8970969089390142,0.8970969089390142,0.0,0.8958333333333334,0.8958333333333334,0.0,4,0.0,0.0
permutation,4,channel,gyros_y,0.8970969089390142,0.8970969089390142,0.0,0.8958333333333334,0.8958333333333334,0.0,0,0.0,0.0
permutation,4,channel,gyros_y,0.8970969089390142,0.8970969089390142,0.0,0.8958333333333334,0.8958333333333334,0.0,1,0.0,0.0
permutation,4,channel,gyros_y,0.8970969089390142,0.8970969089390142,0.0,0.8958333333333334,0.8958333333333334,0.0,2,0.0,0.0
permutation,4,channel,gyros_y,0.8970969089390142,0.8970969089390142,0.0,0.8958333333333334,0.8958333333333334,0.0,3,0.0,0.0
permutation,4,channel,gyros_y,0.8970969089390142,0.8970969089390142,0.0,0.8958333333333334,0.8958333333333334,0.0,4,0.0,0.0
permutation,4,channel,gyros_z,0.8970969089390142,0.8970969089390142,0.0,0.8958333333333334,0.8958333333333334,0.0,0,0.0,0.0
permutation,4,channel,gyros_z,0.8970969089390142,0.9175925925925926,-0.020495683653578456,0.8958333333333334,0.9166666666666666,-0.02083333333333326,1,0.0,0.0
permutation,4,channel,gyros_z,0.8970969089390142,0.9175925925925926,-0.020495683653578456,0.8958333333333334,0.9166666666666666,-0.02083333333333326,2,0.0,0.0
permutation,4,channel,gyros_z,0.8970969089390142,0.8970969089390142,0.0,0.8958333333333334,0.8958333333333334,0.0,3,0.0,0.0
permutation,4,channel,gyros_z,0.8970969089390142,0.8970969089390142,0.0,0.8958333333333334,0.8958333333333334,0.0,4,0.0,0.0
permutation,4,channel,lin_accel_x,0.8970969089390142,0.9175925925925926,-0.020495683653578456,0.8958333333333334,0.9166666666666666,-0.02083333333333326,0,0.0,0.0
permutation,4,channel,lin_accel_x,0.8970969089390142,0.9175925925925926,-0.020495683653578456,0.8958333333333334,0.9166666666666666,-0.02083333333333326,1,0.0,0.0
permutation,4,channel,lin_accel_x,0.8970969089390142,0.8970969089390142,0.0,0.8958333333333334,0.8958333333333334,0.0,2,0.0,0.0
permutation,4,channel,lin_accel_x,0.8970969089390142,0.8970969089390142,0.0,0.8958333333333334,0.8958333333333334,0.0,3,0.0,0.0
permutation,4,channel,lin_accel_x,0.8970969089390142,0.8970969089390142,0.0,0.8958333333333334,0.8958333333333334,0.0,4,0.0,0.0
permutation,4,channel,lin_accel_y,0.8970969089390142,0.8970969089390142,0.0,0.8958333333333334,0.8958333333333334,0.0,0,0.0,0.0
permutation,4,channel,lin_accel_y,0.8970969089390142,0.8970969089390142,0.0,0.8958333333333334,0.8958333333333334,0.0,1,0.0,0.0
permutation,4,channel,lin_accel_y,0.8970969089390142,0.8970969089390142,0.0,0.8958333333333334,0.8958333333333334,0.0,2,0.0,0.0
permutation,4,channel,lin_accel_y,0.8970969089390142,0.8970969089390142,0.0,0.8958333333333334,0.8958333333333334,0.0,3,0.0,0.0
permutation,4,channel,lin_accel_y,0.8970969089390142,0.8970969089390142,0.0,0.8958333333333334,0.8958333333333334,0.0,4,0.0,0.0
permutation,4,channel,lin_accel_z,0.8970969089390142,0.8970969089390142,0.0,0.8958333333333334,0.8958333333333334,0.0,0,0.0,0.0
permutation,4,channel,lin_accel_z,0.8970969089390142,0.9175925925925926,-0.020495683653578456,0.8958333333333334,0.9166666666666666,-0.02083333333333326,1,0.0,0.0
permutation,4,channel,lin_accel_z,0.8970969089390142,0.8727226720647773,0.0243742368742369,0.8958333333333334,0.875,0.02083333333333337,2,0.0243742368742369,0.2046261453496171
permutation,4,channel,lin_accel_z,0.8970969089390142,0.9175925925925926,-0.020495683653578456,0.8958333333333334,0.9166666666666666,-0.02083333333333326,3,0.0,0.0
permutation,4,channel,lin_accel_z,0.8970969089390142,0.9175925925925926,-0.020495683653578456,0.8958333333333334,0.9166666666666666,-0.02083333333333326,4,0.0,0.0
permutation,4,channel,magn_field_x,0.8970969089390142,0.9175925925925926,-0.020495683653578456,0.8958333333333334,0.9166666666666666,-0.02083333333333326,0,0.0,0.0
permutation,4,channel,magn_field_x,0.8970969089390142,0.8970969089390142,0.0,0.8958333333333334,0.8958333333333334,0.0,1,0.0,0.0
permutation,4,channel,magn_field_x,0.8970969089390142,0.9175925925925926,-0.020495683653578456,0.8958333333333334,0.9166666666666666,-0.02083333333333326,2,0.0,0.0
permutation,4,channel,magn_field_x,0.8970969089390142,0.9175925925925926,-0.020495683653578456,0.8958333333333334,0.9166666666666666,-0.02083333333333326,3,0.0,0.0
permutation,4,channel,magn_field_x,0.8970969089390142,0.9175925925925926,-0.020495683653578456,0.8958333333333334,0.9166666666666666,-0.02083333333333326,4,0.0,0.0
permutation,4,channel,magn_field_y,0.8970969089390142,0.8970969089390142,0.0,0.8958333333333334,0.8958333333333334,0.0,0,0.0,0.0
permutation,4,channel,magn_field_y,0.8970969089390142,0.8970969089390142,0.0,0.8958333333333334,0.8958333333333334,0.0,1,0.0,0.0
permutation,4,channel,magn_field_y,0.8970969089390142,0.8970969089390142,0.0,0.8958333333333334,0.8958333333333334,0.0,2,0.0,0.0
permutation,4,channel,magn_field_y,0.8970969089390142,0.9175925925925926,-0.020495683653578456,0.8958333333333334,0.9166666666666666,-0.02083333333333326,3,0.0,0.0
permutation,4,channel,magn_field_y,0.8970969089390142,0.8970969089390142,0.0,0.8958333333333334,0.8958333333333334,0.0,4,0.0,0.0
permutation,4,channel,magn_field_z,0.8970969089390142,0.8970969089390142,0.0,0.8958333333333334,0.8958333333333334,0.0,0,0.0,0.0
permutation,4,channel,magn_field_z,0.8970969089390142,0.9175925925925926,-0.020495683653578456,0.8958333333333334,0.9166666666666666,-0.02083333333333326,1,0.0,0.0
permutation,4,channel,magn_field_z,0.8970969089390142,0.8970969089390142,0.0,0.8958333333333334,0.8958333333333334,0.0,2,0.0,0.0
permutation,4,channel,magn_field_z,0.8970969089390142,0.8970969089390142,0.0,0.8958333333333334,0.8958333333333334,0.0,3,0.0,0.0
permutation,4,channel,magn_field_z,0.8970969089390142,0.8970969089390142,0.0,0.8958333333333334,0.8958333333333334,0.0,4,0.0,0.0
